repetition,sweep_name,scenario,num_samples,num_elements,active_fraction,active_count,active_gain,directional_gain_error_std_db,directional_phase_error_std_rad,eve_channel_scale,eve_channel_correlation,legitimate_receiver_noise_variance,eve_receiver_noise_variance,guard_band_sigma,selection_policy,weighted_legitimate_mi_bits_per_sample,weighted_eve_leakage_bits_per_sample,weighted_asymptotic_secret_rate_bits_per_sample,weighted_finite_length_rate_bits_per_sample,weighted_quantized_eve_mutual_information_bits_per_retained_bit,weighted_quantized_conditional_min_entropy_bits_per_retained_bit,transmission_quantized_eve_guessing_probability,reflection_quantized_eve_guessing_probability,transmission_quantized_conditional_min_entropy_bits_per_retained_bit,reflection_quantized_conditional_min_entropy_bits_per_retained_bit,weighted_operational_bound_bits_per_sample,transmission_pre_reconciliation_entropy_bound_bits,reflection_pre_reconciliation_entropy_bound_bits,transmission_operational_secret_bit_bound,reflection_operational_secret_bit_bound,aggregate_operational_secret_bit_bound,transmission_retention_ratio,reflection_retention_ratio,transmission_raw_kdr,reflection_raw_kdr,transmission_post_reconciliation_kdr,reflection_post_reconciliation_kdr,transmission_corrections,reflection_corrections,transmission_parity_leakage_bits,reflection_parity_leakage_bits,transmission_final_key_bits,reflection_final_key_bits,aggregate_final_key_bits,transmission_success,reflection_success,dual_side_success
0,eve_channel_correlation,eve_channel_correlation=0.0,2000,16,0.25,4,1.5,0.0,0.0,1.0,0.0,0.01,0.001,0.05,alice,8.059002087373816,0.003756376679902389,8.055245710693914,6.9827568340811315,0.0,0.713645032147556,0.6139636431746451,0.6056200206253146,0.703774868224513,0.723515196070599,0.2586111111111111,1078,1114,455,476,931,0.9527777777777777,0.9544444444444444,0.0029154518950437317,0.005820721769499418,0.0,0.0,5,10,527,542,128,128,256,True,True,True
0,eve_channel_correlation,eve_channel_correlation=0.25,2000,16,0.25,4,1.5,0.0,0.0,1.0,0.25,0.01,0.001,0.05,alice,8.059002087373816,0.4571611787268456,7.60184090864697,6.529352032034188,0.15276257918570657,0.38274719998868867,0.7664631024052212,0.7674886672041776,0.38371175278580577,0.3817826471915716,0.0,530,527,0,0,0,0.9527777777777777,0.9544444444444444,0.0029154518950437317,0.005820721769499418,0.0,0.0,5,10,527,542,0,0,0,False,False,False
0,eve_channel_correlation,eve_channel_correlation=0.5,2000,16,0.25,4,1.5,0.0,0.0,1.0,0.5,0.01,0.001,0.05,alice,8.059002087373816,1.0444125180301846,7.014589569343631,5.942100692730849,0.3175636804565765,0.24511792967354346,0.8440948074967808,0.8433989824312531,0.24452304545278425,0.2457128138943027,0.0,291,294,0,0,0,0.9527777777777777,0.9544444444444444,0.0029154518950437317,0.005820721769499418,0.0,0.0,5,10,527,542,0,0,0,False,False,False
0,eve_channel_correlation,eve_channel_correlation=0.75,2000,16,0.25,4,1.5,0.0,0.0,1.0,0.75,0.01,0.001,0.05,alice,8.059002087373816,2.0317008092524036,6.027301278121412,4.95481240150863,0.5243853666700351,0.13764088079954806,0.9099421527694024,0.9080675335094145,0.13615326228526312,0.13912849931383303,0.0,105,111,0,0,0,0.9527777777777777,0.9544444444444444,0.0029154518950437317,0.005820721769499418,0.0,0.0,5,10,527,542,0,0,0,False,False,False
0,eve_channel_correlation,eve_channel_correlation=1.0,2000,16,0.25,4,1.5,0.0,0.0,1.0,1.0,0.01,0.001,0.05,alice,8.059002087373816,9.809883547938583,0.0,0.0,0.8144426027228879,0.039534002224212,0.9733629285649535,0.9725755719471485,0.03895026561094915,0.04011773883747485,0.0,0,0,0,0,0,0.9527777777777777,0.9544444444444444,0.0029154518950437317,0.005820721769499418,0.0,0.0,5,10,527,542,0,0,0,False,False,False
0,directional_phase_error_std_rad,directional_phase_error_std_rad=0.0,2000,16,0.25,4,1.5,0.0,0.0,1.0,0.0,0.01,0.001,0.05,alice,8.059002087373816,0.003756376679902389,8.055245710693914,6.9827568340811315,0.0,0.713645032147556,0.6139636431746451,0.6056200206253146,0.703774868224513,0.723515196070599,0.2586111111111111,1078,1114,455,476,931,0.9527777777777777,0.9544444444444444,0.0029154518950437317,0.005820721769499418,0.0,0.0,5,10,527,542,128,128,256,True,True,True
0,directional_phase_error_std_rad,directional_phase_error_std_rad=0.1,2000,16,0.25,4,1.5,0.0,0.1,1.0,0.0,0.01,0.001,0.05,alice,6.2138758329534385,0.00371148798412254,6.210164344969316,5.229931781077553,0.001025117306903467,0.7116643920574408,0.6152204237134935,0.6060446165995494,0.7008246970800083,0.7225040870348735,0.20944444444444443,1076,1116,368,386,754,0.955,0.9572222222222222,0.01861547411285631,0.022634939059779455,0.0,0.0,32,39,612,634,128,128,256,True,True,True
0,directional_phase_error_std_rad,directional_phase_error_std_rad=0.2,2000,16,0.25,4,1.5,0.0,0.2,1.0,0.0,0.01,0.001,0.05,alice,4.602138919409105,0.0037584600119910877,4.598380459397114,3.6987347411825677,0.0,0.7112149677714303,0.6118848955428442,0.6097280712586113,0.708667808387335,0.7137621271555258,0.09416666666666666,1100,1101,115,224,339,0.9633333333333334,0.9572222222222222,0.05997693194925029,0.046430644225188625,0.0,0.0,104,80,889,781,115,128,243,True,True,True
0,directional_phase_error_std_rad,directional_phase_error_std_rad=0.5,2000,16,0.25,4,1.5,0.0,0.5,1.0,0.0,0.01,0.001,0.05,alice,2.2285306553725173,0.003645010272709187,2.224885645099808,1.4439203400870915,0.0007513009605875087,0.7167725500231261,0.612017437321359,0.6049174722367006,0.7083553367755292,0.7251897632707232,0.0,1088,1114,0,0,0,0.9538888888888889,0.9516666666666667,0.151426907396622,0.138353765323993,0.006988934187536401,0.005837711617046118,248,227,1563,1460,0,0,0,False,False,False
0,guard_band_sigma,guard_band_sigma=0.0,2000,16,0.25,4,1.5,0.0,0.0,1.0,0.0,0.01,0.001,0.0,alice,8.059002087373816,0.003756376679902389,8.055245710693914,6.9827568340811315,0.0,0.722849078542452,0.6106909781633152,0.6011460335309595,0.7114855627161641,0.7342125943687399,0.23916666666666667,1152,1193,443,418,861,1.0,1.0,0.012777777777777779,0.025,0.0,0.0,23,45,613,679,128,128,256,True,True,True
0,guard_band_sigma,guard_band_sigma=0.05,2000,16,0.25,4,1.5,0.0,0.0,1.0,0.0,0.01,0.001,0.05,alice,8.059002087373816,0.003756376679902389,8.055245710693914,6.9827568340811315,0.0,0.713645032147556,0.6139636431746451,0.6056200206253146,0.703774868224513,0.723515196070599,0.2586111111111111,1078,1114,455,476,931,0.9527777777777777,0.9544444444444444,0.0029154518950437317,0.005820721769499418,0.0,0.0,5,10,527,542,128,128,256,True,True,True
0,guard_band_sigma,guard_band_sigma=0.1,2000,16,0.25,4,1.5,0.0,0.0,1.0,0.0,0.01,0.001,0.1,alice,8.059002087373816,0.003756376679902389,8.055245710693914,6.9827568340811315,0.0008904912448063351,0.7068884934598342,0.6161801266862732,0.6091202428351187,0.6985759421977186,0.7152010447219498,0.24777777777777776,1022,1050,435,457,892,0.915,0.9155555555555556,0.0,0.0012135922330097086,0.0,0.0,0,2,491,497,128,128,256,True,True,True
0,guard_band_sigma,guard_band_sigma=0.15,2000,16,0.25,4,1.5,0.0,0.0,1.0,0.0,0.01,0.001,0.15,alice,8.059002087373816,0.003756376679902389,8.055245710693914,6.9827568340811315,0.0006974689078134144,0.6954745187143876,0.620253346923705,0.6147711813462886,0.6890704798809761,0.7018785575477992,0.22194444444444444,955,979,388,411,799,0.8733333333333333,0.8766666666666667,0.0,0.0,0.0,0.0,0,0,471,472,128,128,256,True,True,True
0,guard_band_sigma,guard_band_sigma=0.25,2000,16,0.25,4,1.5,0.0,0.0,1.0,0.0,0.01,0.001,0.25,alice,8.059002087373816,0.003756376679902389,8.055245710693914,6.9827568340811315,0.0005049886242312618,0.6803180007291115,0.6238539342286653,0.6242015347484811,0.6807198110424995,0.6799161904157236,0.1775,830,849,316,323,639,0.7822222222222223,0.7983333333333333,0.0,0.0,0.0,0.0,0,0,418,430,128,128,256,True,True,True
1,eve_channel_correlation,eve_channel_correlation=0.0,2000,16,0.25,4,1.5,0.0,0.0,1.0,0.0,0.01,0.001,0.05,alice,8.079034310469767,0.0010225838762052634,8.078011726593562,7.0045212388259825,0.0,0.7443248398296282,0.5994698851352502,0.5944350684707977,0.7382408144043276,0.7504088652549287,0.28888888888888886,1147,1158,520,520,1040,0.96,0.9527777777777777,0.003472222222222222,0.0058309037900874635,0.0,0.0,6,10,531,542,128,128,256,True,True,True
1,eve_channel_correlation,eve_channel_correlation=0.25,2000,16,0.25,4,1.5,0.0,0.0,1.0,0.25,0.01,0.001,0.05,alice,8.079034310469767,0.42024421753498997,7.658790092934777,6.585299605167198,0.14078866054212147,0.3950002942446863,0.7596092710199172,0.7613701913668901,0.39667058122086324,0.39333000726850936,0.0,557,546,0,0,0,0.96,0.9527777777777777,0.003472222222222222,0.0058309037900874635,0.0,0.0,6,10,531,542,0,0,0,False,False,False
1,eve_channel_correlation,eve_channel_correlation=0.5,2000,16,0.25,4,1.5,0.0,0.0,1.0,0.5,0.01,0.001,0.05,alice,8.079034310469767,1.0089862049377518,7.070048105532015,5.996557617764436,0.30453485451181944,0.25105946410193736,0.8393457888667244,0.8412134838086913,0.2526628085265093,0.24945611967736547,0.0,308,299,0,0,0,0.96,0.9527777777777777,0.003472222222222222,0.0058309037900874635,0.0,0.0,6,10,531,542,0,0,0,False,False,False
1,eve_channel_correlation,eve_channel_correlation=0.75,2000,16,0.25,4,1.5,0.0,0.0,1.0,0.75,0.01,0.001,0.05,alice,8.079034310469767,2.0104620847551575,6.068572225714609,4.9950817379470305,0.5132877158937501,0.14167572798256253,0.9039384252301417,0.9089999605386299,0.14570359286708545,0.1376478630980396,0.0,123,108,0,0,0,0.96,0.9527777777777777,0.003472222222222222,0.0058309037900874635,0.0,0.0,6,10,531,542,0,0,0,False,False,False
1,eve_channel_correlation,eve_channel_correlation=1.0,2000,16,0.25,4,1.5,0.0,0.0,1.0,1.0,0.01,0.001,0.05,alice,8.079034310469767,9.870581505886083,0.0,0.0,0.8110658125683148,0.043040252369236434,0.9699791974770176,0.9712359866674458,0.04397428781291999,0.04210621692555287,0.0,0,0,0,0,0,0.96,0.9527777777777777,0.003472222222222222,0.0058309037900874635,0.0,0.0,6,10,531,542,0,0,0,False,False,False
1,directional_phase_error_std_rad,directional_phase_error_std_rad=0.0,2000,16,0.25,4,1.5,0.0,0.0,1.0,0.0,0.01,0.001,0.05,alice,8.079034310469767,0.0010225838762052634,8.078011726593562,7.0045212388259825,0.0,0.7443248398296282,0.5994698851352502,0.5944350684707977,0.7382408144043276,0.7504088652549287,0.28888888888888886,1147,1158,520,520,1040,0.96,0.9527777777777777,0.003472222222222222,0.0058309037900874635,0.0,0.0,6,10,531,542,128,128,256,True,True,True
1,directional_phase_error_std_rad,directional_phase_error_std_rad=0.1,2000,16,0.25,4,1.5,0.0,0.1,1.0,0.0,0.01,0.001,0.05,alice,6.941670746058911,0.0010373171080829348,6.940633428950828,5.924011119403792,0.0,0.7412620346902475,0.6027179694501316,0.5937472977614927,0.7304450169041393,0.7520790524763558,0.2583333333333333,1137,1170,467,463,930,0.9627777777777777,0.9588888888888889,0.009809578765147143,0.01853997682502897,0.0,0.0,17,32,574,611,128,128,256,True,True,True
1,directional_phase_error_std_rad,directional_phase_error_std_rad=0.2,2000,16,0.25,4,1.5,0.0,0.2,1.0,0.0,0.01,0.001,0.05,alice,5.5444351782721455,0.0010521590982035635,5.543383019173943,4.596622488016244,0.0,0.7442673186428236,0.6003714383839039,0.593589761356424,0.7360727499774459,0.7524618873082013,0.20194444444444443,1151,1168,386,341,727,0.9655555555555555,0.9572222222222222,0.025891829689298044,0.03946604759141033,0.0,0.0,45,68,669,731,128,128,256,True,True,True
1,directional_phase_error_std_rad,directional_phase_error_std_rad=0.5,2000,16,0.25,4,1.5,0.0,0.5,1.0,0.0,0.01,0.001,0.05,alice,3.187344273542954,0.001120493121998532,3.1862237804209554,2.357317794499717,0.0,0.7358326172417033,0.6043024794655509,0.5966645624601856,0.7266572334300926,0.7450080010533141,0.005833333333333334,1128,1163,21,0,21,0.9605555555555556,0.9627777777777777,0.08097165991902834,0.10963646855164455,0.0,0.0,140,190,1011,1262,21,0,21,True,False,False
1,guard_band_sigma,guard_band_sigma=0.0,2000,16,0.25,4,1.5,0.0,0.0,1.0,0.0,0.01,0.001,0.0,alice,8.079034310469767,0.0010225838762052634,8.078011726593562,7.0045212388259825,0.0,0.7432600527854794,0.6004542462472463,0.5943372338906968,0.7358737760622324,0.7506463295087262,0.25,1196,1223,462,438,900,1.0,1.0,0.017777777777777778,0.026111111111111113,0.0,0.0,32,47,638,689,128,128,256,True,True,True
1,guard_band_sigma,guard_band_sigma=0.05,2000,16,0.25,4,1.5,0.0,0.0,1.0,0.0,0.01,0.001,0.05,alice,8.079034310469767,0.0010225838762052634,8.078011726593562,7.0045212388259825,0.0,0.7443248398296282,0.5994698851352502,0.5944350684707977,0.7382408144043276,0.7504088652549287,0.28888888888888886,1147,1158,520,520,1040,0.96,0.9527777777777777,0.003472222222222222,0.0058309037900874635,0.0,0.0,6,10,531,542,128,128,256,True,True,True
1,guard_band_sigma,guard_band_sigma=0.1,2000,16,0.25,4,1.5,0.0,0.0,1.0,0.0,0.01,0.001,0.1,alice,8.079034310469767,0.0010225838762052634,8.078011726593562,7.0045212388259825,0.0,0.7338137692693723,0.6014128919249289,0.601211604947865,0.7335723009415006,0.7340552375972439,0.2733333333333333,1091,1075,498,486,984,0.9233333333333333,0.9111111111111111,0.0006016847172081829,0.0006097560975609756,0.0,0.0,1,1,497,493,128,128,256,True,True,True
1,guard_band_sigma,guard_band_sigma=0.15,2000,16,0.25,4,1.5,0.0,0.0,1.0,0.0,0.01,0.001,0.15,alice,8.079034310469767,0.0010225838762052634,8.078011726593562,7.0045212388259825,0.0,0.7298129564088963,0.6049509370654066,0.6010196399818631,0.7251099536946412,0.7345159591231515,0.25222222222222224,1022,1020,452,456,908,0.8816666666666667,0.8683333333333333,0.0,0.0,0.0,0.0,0,0,474,468,128,128,256,True,True,True
1,guard_band_sigma,guard_band_sigma=0.25,2000,16,0.25,4,1.5,0.0,0.0,1.0,0.0,0.01,0.001,0.25,alice,8.079034310469767,0.0010225838762052634,8.078011726593562,7.0045212388259825,0.0,0.7192983344689114,0.6114333988482874,0.6033788641130338,0.709732734947785,0.728863933990038,0.20833333333333334,896,906,367,383,750,0.8022222222222222,0.7888888888888889,0.0,0.0,0.0,0.0,0,0,433,427,128,128,256,True,True,True
2,eve_channel_correlation,eve_channel_correlation=0.0,2000,16,0.25,4,1.5,0.0,0.0,1.0,0.0,0.01,0.001,0.05,alice,8.071292567062992,0.0016995845268690918,8.069592982536122,6.9964895819388815,0.0007047583046277395,0.7211427914398454,0.6005039175435323,0.6127917817337029,0.7357544371293241,0.7065311457503667,0.2625,1139,1085,500,445,945,0.9572222222222222,0.9538888888888889,0.005803830528148578,0.005824111822947,0.0,0.0,10,10,543,544,128,128,256,True,True,True
2,eve_channel_correlation,eve_channel_correlation=0.25,2000,16,0.25,4,1.5,0.0,0.0,1.0,0.25,0.01,0.001,0.05,alice,8.071292567062992,0.4129716805420889,7.658320886520903,6.585217485923662,0.14423302816908756,0.3962410154953745,0.7568497804369576,0.7628329580237211,0.401921112410331,0.39056091858041797,0.0,564,542,0,0,0,0.9572222222222222,0.9538888888888889,0.005803830528148578,0.005824111822947,0.0,0.0,10,10,543,544,0,0,0,False,False,False
2,eve_channel_correlation,eve_channel_correlation=0.5,2000,16,0.25,4,1.5,0.0,0.0,1.0,0.5,0.01,0.001,0.05,alice,8.071292567062992,0.9940155798499686,7.077276987213024,6.004173586615783,0.3080920333549037,0.25321425434615896,0.8332871306814837,0.8448024284555057,0.26311439565529865,0.2433141130370193,0.0,325,289,0,0,0,0.9572222222222222,0.9538888888888889,0.005803830528148578,0.005824111822947,0.0,0.0,10,10,543,544,0,0,0,False,False,False
2,eve_channel_correlation,eve_channel_correlation=0.75,2000,16,0.25,4,1.5,0.0,0.0,1.0,0.75,0.01,0.001,0.05,alice,8.071292567062992,1.988359431091411,6.082933135971581,5.009829735374341,0.5187168004832328,0.13780889091528958,0.903276736639552,0.9145552664312087,0.1467600413863933,0.12885774044418588,0.0,124,93,0,0,0,0.9572222222222222,0.9538888888888889,0.005803830528148578,0.005824111822947,0.0,0.0,10,10,543,544,0,0,0,False,False,False
2,eve_channel_correlation,eve_channel_correlation=1.0,2000,16,0.25,4,1.5,0.0,0.0,1.0,1.0,0.01,0.001,0.05,alice,8.071292567062992,9.864380162243073,0.0,0.0,0.8175788936826691,0.036638423435963914,0.9757349618989957,0.9741135949012548,0.035438771976840824,0.037838074895087004,0.0,0,0,0,0,0,0.9572222222222222,0.9538888888888889,0.005803830528148578,0.005824111822947,0.0,0.0,10,10,543,544,0,0,0,False,False,False
2,directional_phase_error_std_rad,directional_phase_error_std_rad=0.0,2000,16,0.25,4,1.5,0.0,0.0,1.0,0.0,0.01,0.001,0.05,alice,8.071292567062992,0.0016995845268690918,8.069592982536122,6.9964895819388815,0.0007047583046277395,0.7211427914398454,0.6005039175435323,0.6127917817337029,0.7357544371293241,0.7065311457503667,0.2625,1139,1085,500,445,945,0.9572222222222222,0.9538888888888889,0.005803830528148578,0.005824111822947,0.0,0.0,10,10,543,544,128,128,256,True,True,True
2,directional_phase_error_std_rad,directional_phase_error_std_rad=0.1,2000,16,0.25,4,1.5,0.0,0.1,1.0,0.0,0.01,0.001,0.05,alice,5.937193686179335,0.0017061442995805827,5.9354875418797555,4.969089085326697,0.0,0.7258532995612206,0.5993219727204064,0.6100038392591072,0.7385968270132982,0.7131097721091431,0.19361111111111112,1147,1100,393,304,697,0.9594444444444444,0.9572222222222222,0.02605674580196873,0.03424260011607661,0.0,0.0,45,59,658,700,128,128,256,True,True,True
2,directional_phase_error_std_rad,directional_phase_error_std_rad=0.2,2000,16,0.25,4,1.5,0.0,0.2,1.0,0.0,0.01,0.001,0.05,alice,4.24619806674192,0.0017381816682899526,4.244459885073631,3.362611209492444,0.0,0.7328075779032296,0.5992512565383493,0.6042225405936192,0.7387670658986535,0.7268480899078057,0.045,1156,1118,152,10,162,0.9661111111111111,0.9527777777777777,0.06325474410580793,0.07813411078717201,0.0,0.0,110,134,908,1012,128,10,138,True,True,True
2,directional_phase_error_std_rad,directional_phase_error_std_rad=0.5,2000,16,0.25,4,1.5,0.0,0.5,1.0,0.0,0.01,0.001,0.05,alice,1.849515873469004,0.0019497858523867214,1.8475660876166171,1.0855515216990763,0.0,0.7357176434394435,0.6016176886559492,0.5994227822577574,0.7330811093860129,0.7383541774928739,0.0,1134,1144,0,0,0,0.9566666666666667,0.9577777777777777,0.17073170731707318,0.18967517401392112,0.0313588850174216,0.04176334106728538,240,255,1521,1585,0,0,0,False,False,False
2,guard_band_sigma,guard_band_sigma=0.0,2000,16,0.25,4,1.5,0.0,0.0,1.0,0.0,0.01,0.001,0.0,alice,8.071292567062992,0.0016995845268690918,8.069592982536122,6.9964895819388815,0.000983894826046272,0.7282005200401949,0.5973649735682592,0.6100140627930603,0.7433154470291279,0.713085593051262,0.24138888888888888,1209,1155,457,412,869,1.0,1.0,0.021111111111111112,0.018333333333333333,0.0,0.0,38,33,656,647,128,128,256,True,True,True
2,guard_band_sigma,guard_band_sigma=0.05,2000,16,0.25,4,1.5,0.0,0.0,1.0,0.0,0.01,0.001,0.05,alice,8.071292567062992,0.0016995845268690918,8.069592982536122,6.9964895819388815,0.0007047583046277395,0.7211427914398454,0.6005039175435323,0.6127917817337029,0.7357544371293241,0.7065311457503667,0.2625,1139,1085,500,445,945,0.9572222222222222,0.9538888888888889,0.005803830528148578,0.005824111822947,0.0,0.0,10,10,543,544,128,128,256,True,True,True
2,guard_band_sigma,guard_band_sigma=0.1,2000,16,0.25,4,1.5,0.0,0.0,1.0,0.0,0.01,0.001,0.1,alice,8.071292567062992,0.0016995845268690918,8.069592982536122,6.9964895819388815,0.0,0.7193986889202203,0.6020214312617933,0.612726804745569,0.732113248725032,0.7066841291154086,0.25583333333333336,1077,1026,487,434,921,0.915,0.9077777777777778,0.0006071645415907711,0.0012239902080783353,0.0,0.0,1,2,494,496,128,128,256,True,True,True
2,guard_band_sigma,guard_band_sigma=0.15,2000,16,0.25,4,1.5,0.0,0.0,1.0,0.0,0.01,0.001,0.15,alice,8.071292567062992,0.0016995845268690918,8.069592982536122,6.9964895819388815,0.0007042664196342252,0.7143812943724814,0.6024562599579597,0.6165582065942565,0.731071593515606,0.6976909952293568,0.2386111111111111,1030,961,462,397,859,0.88,0.8677777777777778,0.0,0.0,0.0,0.0,0,0,472,468,128,128,256,True,True,True
2,guard_band_sigma,guard_band_sigma=0.25,2000,16,0.25,4,1.5,0.0,0.0,1.0,0.0,0.01,0.001,0.25,alice,8.071292567062992,0.0016995845268690918,8.069592982536122,6.9964895819388815,0.0,0.7112128390154884,0.6037579444158933,0.6179372075244705,0.7279578274292113,0.6944678506017654,0.20222222222222222,915,864,389,339,728,0.7966666666666666,0.7938888888888889,0.0,0.0,0.0,0.0,0,0,430,429,128,128,256,True,True,True
