update_index,actor_loss
2,0.07011160254478455
4,0.1358494907617569
6,0.2079741209745407
8,0.29131007194519043
10,0.3867214620113373
12,0.49599379301071167
14,0.62916100025177
16,0.7534071803092957
18,0.9269353151321411
20,1.0808223485946655
22,1.2287768125534058
24,1.3328875303268433
26,1.3466095924377441
28,1.2515214681625366
30,1.1766425371170044
32,1.1008193492889404
34,1.0236161947250366
36,0.8796981573104858
38,0.8511995673179626
40,0.783014714717865
42,0.7606015801429749
44,0.755940854549408
46,0.7072685360908508
48,0.6611332893371582
50,0.6719608306884766
52,0.6223698258399963
54,0.5299886465072632
56,0.5200708508491516
58,0.4588492214679718
60,0.3192377984523773
62,0.2775580883026123
64,0.20622679591178894
66,0.2006247490644455
68,0.17752723395824432
70,0.14364182949066162
72,0.11108487844467163
74,0.010577848181128502
76,-0.018224649131298065
78,-0.07059252262115479
80,-0.12154786288738251
82,-0.13634909689426422
84,-0.0905437245965004
86,-0.08205733448266983
88,0.02877948246896267
90,0.018893834203481674
92,0.13103149831295013
94,0.19576704502105713
96,0.3218224048614502
98,0.4183751046657562
100,0.6359268426895142
102,0.7273186445236206
104,0.7973424792289734
106,0.9446648359298706
108,0.8216167688369751
110,0.7874613404273987
112,0.7789075970649719
114,0.8014149069786072
116,0.7236254215240479
118,0.4582146406173706
120,0.2759720981121063
122,0.27360689640045166
124,0.35726919770240784
126,0.3293694853782654
128,0.49930381774902344
130,0.40329834818840027
132,0.3475770652294159
134,0.49564093351364136
136,0.6673261523246765
138,0.8247083425521851
140,0.6661286950111389
142,0.4982323944568634
144,0.5296269059181213
146,0.5918606519699097
148,0.6295672059059143
150,0.6024465560913086
152,0.5981273651123047
154,0.4773622453212738
156,0.1875503957271576
158,0.3234191834926605
160,0.37328535318374634
162,0.36181503534317017
164,0.464612752199173
166,0.5943871736526489
168,0.6158183813095093
170,0.5942987203598022
172,0.5461301207542419
174,0.6430643796920776
176,0.839690625667572
178,0.6249431371688843
180,0.5519485473632812
182,0.6085847020149231
184,0.387931764125824
186,0.4030766189098358
188,0.3706252872943878
190,0.6216381788253784
192,0.6110333204269409
194,0.5109319686889648
196,0.8818061947822571
198,1.0697917938232422
200,1.4500969648361206
202,1.427476406097412
204,1.5042040348052979
206,1.578662633895874
208,1.4807292222976685
210,1.5698182582855225
212,1.4843934774398804
214,1.627800703048706
216,1.605360746383667
218,1.6251893043518066
220,1.3760383129119873
222,1.2091338634490967
224,0.9741169214248657
226,1.294144630432129
228,1.2688767910003662
230,1.014480710029602
232,1.0218355655670166
234,1.090132713317871
236,1.1230990886688232
238,1.0329649448394775
240,0.8194394111633301
242,0.7479093670845032
244,0.8627597093582153
246,0.8306546211242676
248,0.6917474269866943
250,0.6578751802444458
252,0.5179552435874939
254,0.8016420602798462
256,0.6563396453857422
258,0.5024008750915527
260,0.6006452441215515
262,0.6707230806350708
264,0.5826735496520996
266,0.7407107949256897
268,0.4580545127391815
270,0.712226390838623
272,0.7359263300895691
274,0.7452448606491089
276,0.8305500745773315
278,0.927627682685852
280,1.310786485671997
282,1.1777405738830566
284,1.272877812385559
286,1.3586900234222412
288,1.5953369140625
290,1.514978289604187
292,1.0260562896728516
294,1.2535674571990967
296,1.2435044050216675
298,1.075223684310913
300,1.3164782524108887
302,1.186206579208374
304,1.0674360990524292
306,1.0391607284545898
308,1.156158208847046
310,1.1930575370788574
312,0.9915072321891785
314,1.025618553161621
316,0.9089933633804321
318,1.1525317430496216
320,0.7985686659812927
322,0.9742117524147034
324,0.724459707736969
326,0.7776950597763062
328,1.0002281665802002
330,0.7298494577407837
332,0.8694411516189575
334,0.6501900553703308
336,0.9726086854934692
338,1.1477162837982178
340,0.8552427291870117
342,0.954319953918457
344,0.8152416944503784
346,1.2153849601745605
348,1.263370156288147
350,1.282191514968872
352,1.4565045833587646
354,1.019896388053894
356,1.4564827680587769
358,1.4092724323272705
360,1.6309565305709839
362,1.2500619888305664
364,1.220699667930603
366,1.271833896636963
368,1.4752428531646729
370,1.2938960790634155
372,1.363133192062378
374,1.3922067880630493
376,1.332744836807251
378,1.2929816246032715
380,1.360202670097351
382,1.2915687561035156
384,1.2690746784210205
386,1.3680922985076904
388,1.5142247676849365
390,1.4182971715927124
392,1.4714891910552979
394,1.860100507736206
396,1.7851831912994385
398,1.6065571308135986
400,1.6463066339492798
402,1.5175368785858154
404,1.5401049852371216
406,1.5625970363616943
408,1.4472624063491821
410,1.6828575134277344
412,1.4168800115585327
414,1.2068111896514893
416,1.1689502000808716
418,1.511831283569336
420,1.6986933946609497
422,1.5211405754089355
424,1.102664828300476
426,1.1669808626174927
428,1.1563477516174316
430,1.2020881175994873
432,1.0348330736160278
434,0.9211341142654419
436,0.9963991045951843
438,1.2306501865386963
440,0.606227695941925
442,0.5954270958900452
444,0.7449334263801575
446,0.6800382137298584
448,0.6998077630996704
450,0.8219651579856873
452,0.705363392829895
454,0.6125738620758057
456,0.7663519382476807
458,0.6510524153709412
460,0.5942772626876831
462,0.6953443884849548
464,0.720919132232666
466,0.858518660068512
468,0.7680975198745728
470,0.6719763875007629
472,0.7616574764251709
474,1.0441986322402954
476,1.1965360641479492
478,1.243504285812378
480,1.1832349300384521
482,0.9657820463180542
484,1.4831311702728271
486,1.2643508911132812
488,1.1457419395446777
490,1.1929115056991577
492,1.2020832300186157
494,1.3804621696472168
496,1.330291509628296
498,1.1874921321868896
500,1.1245441436767578
502,1.220455527305603
504,1.152928113937378
506,1.040432095527649
508,1.1898722648620605
510,1.37026846408844
512,1.3068925142288208
514,1.1610431671142578
516,1.3055728673934937
518,1.0338274240493774
520,1.0038965940475464
522,0.8858456611633301
524,0.7580776810646057
526,0.9440357089042664
528,0.8830628991127014
530,0.892495334148407
532,0.9775820374488831
534,0.9685043692588806
536,0.9134061336517334
538,0.8165389895439148
540,0.9229517579078674
542,0.8059084415435791
544,0.8328471183776855
546,0.7227731943130493
548,1.0832369327545166
550,1.234493613243103
552,0.9802636504173279
554,0.9977383017539978
556,1.0261750221252441
558,1.0785901546478271
560,1.1228128671646118
562,1.0736167430877686
564,1.0406087636947632
566,0.9916271567344666
568,1.146459937095642
570,1.0306918621063232
572,0.9399551153182983
574,1.1597511768341064
576,1.3981781005859375
578,1.5100555419921875
580,1.4452377557754517
582,1.5426512956619263
584,1.2906262874603271
586,1.822014570236206
588,1.5524072647094727
590,1.0919464826583862
592,1.6998238563537598
594,1.7443780899047852
596,2.0130667686462402
598,1.6063225269317627
600,1.9214324951171875
602,1.6130602359771729
604,1.4903374910354614
606,1.8554205894470215
608,1.4484694004058838
610,1.6938320398330688
612,1.4770054817199707
614,1.2358766794204712
616,1.1934707164764404
618,1.3213353157043457
620,1.2289247512817383
622,1.3229135274887085
624,1.421818733215332
626,1.350551724433899
628,1.59340238571167
630,1.438805341720581
632,1.3093940019607544
634,1.364761233329773
636,1.6271904706954956
638,1.6173615455627441
640,1.6043589115142822
642,1.971598505973816
644,1.8624391555786133
646,1.5615348815917969
648,1.4286280870437622
650,1.4334038496017456
652,1.6323785781860352
654,1.2647757530212402
656,1.4381725788116455
658,1.6614997386932373
660,1.7183704376220703
662,1.374925136566162
664,1.4907127618789673
666,1.4288685321807861
668,1.2981715202331543
670,1.0194181203842163
672,1.0111030340194702
674,1.077865719795227
676,1.2087233066558838
678,1.1882460117340088
680,1.0983803272247314
682,1.2758891582489014
684,1.0601882934570312
686,1.273393154144287
688,1.1328673362731934
690,1.5506953001022339
692,1.1498600244522095
694,1.1841169595718384
696,1.3022857904434204
698,1.224377155303955
700,1.6753649711608887
702,2.1351470947265625
704,1.566421389579773
706,1.6399551630020142
708,2.076141834259033
710,1.8583180904388428
712,1.5986652374267578
714,1.5564638376235962
716,1.5713107585906982
718,1.3496750593185425
720,1.3725727796554565
722,1.5813915729522705
724,1.360015869140625
726,1.5856032371520996
728,1.805626392364502
730,1.810676097869873
732,1.7837549448013306
734,1.5776973962783813
736,1.629188895225525
738,1.2416273355484009
740,1.252709150314331
742,1.334747076034546
744,1.4213156700134277
746,1.1952935457229614
748,1.3905494213104248
750,1.007761001586914
752,1.0004150867462158
754,0.7339724898338318
756,0.7929838299751282
758,0.7119198441505432
760,1.0121848583221436
762,1.0749647617340088
764,0.7483962774276733
766,0.7163506746292114
768,0.8616641163825989
770,0.9548512697219849
772,0.7940146327018738
774,1.0224703550338745
776,0.8154634237289429
778,0.7276624441146851
780,0.7597405910491943
782,1.1636065244674683
784,0.8694716691970825
786,0.9328134655952454
788,0.8733218312263489
790,0.8895765542984009
792,1.0639266967773438
794,1.4660413265228271
796,1.5573327541351318
798,1.727989912033081
800,2.1305763721466064
802,2.4664418697357178
804,2.7236735820770264
806,2.5577452182769775
808,2.0922865867614746
810,2.483865737915039
812,2.0072286128997803
814,1.5098544359207153
816,2.2212209701538086
818,1.8010008335113525
820,1.5397446155548096
822,1.6217865943908691
824,1.931089162826538
826,1.4835882186889648
828,1.5834779739379883
830,1.6288090944290161
832,1.4595342874526978
834,1.3305370807647705
836,1.3274165391921997
838,1.3758232593536377
840,1.3899904489517212
842,1.6088429689407349
844,1.4754657745361328
846,1.6191275119781494
848,1.663834810256958
850,1.6092947721481323
852,1.5443532466888428
854,1.2070955038070679
856,1.6359344720840454
858,1.856376051902771
860,1.6930763721466064
862,1.778944492340088
864,1.9073514938354492
866,1.5972036123275757
868,1.694122314453125
870,1.6006357669830322
872,1.5374728441238403
874,1.5219931602478027
876,1.0905661582946777
878,1.3332258462905884
880,1.4062727689743042
882,1.1441740989685059
884,1.211018681526184
886,1.4043383598327637
888,1.366971731185913
890,1.3181331157684326
892,1.2108581066131592
894,1.2934378385543823
896,1.380199670791626
898,1.1313722133636475
900,1.1997151374816895
902,1.233223795890808
904,1.5058377981185913
906,1.015523076057434
908,1.5836467742919922
910,1.4938095808029175
912,1.4437310695648193
914,1.015688419342041
916,1.125952124595642
918,1.6056331396102905
920,1.1768320798873901
922,1.1549458503723145
924,1.1650182008743286
926,1.7441920042037964
928,1.9267194271087646
930,1.800876498222351
932,1.780550479888916
934,2.0417141914367676
936,2.395211696624756
938,1.8133461475372314
940,1.451676607131958
942,1.8429443836212158
944,1.6828112602233887
946,1.545898199081421
948,1.449539065361023
950,1.3388710021972656
952,1.4585195779800415
954,1.6753952503204346
956,1.5141851902008057
958,1.6897363662719727
960,1.7201669216156006
962,1.9721968173980713
964,1.4790209531784058
966,1.5310879945755005
968,1.543307900428772
970,1.6110918521881104
972,1.8008278608322144
974,1.8384884595870972
976,1.3617595434188843
978,1.560941457748413
980,1.6752476692199707
982,1.7304037809371948
984,1.6047799587249756
986,1.539584755897522
988,1.6245769262313843
990,1.304485559463501
992,1.5916402339935303
994,1.5166178941726685
996,1.3242547512054443
998,1.467556118965149
1000,1.6295905113220215
1002,1.5014400482177734
1004,1.7378413677215576
1006,1.4638599157333374
1008,1.5447030067443848
1010,1.1559488773345947
1012,0.9967964291572571
1014,1.1478404998779297
1016,1.1232572793960571
1018,1.4440319538116455
1020,1.3355036973953247
1022,1.2082566022872925
1024,1.7713898420333862
1026,1.5182368755340576
1028,1.6830470561981201
1030,1.4946026802062988
1032,1.569216012954712
1034,1.4314783811569214
1036,1.6525635719299316
1038,1.6037988662719727
1040,1.20748770236969
1042,1.7535368204116821
1044,1.8567732572555542
1046,1.4589415788650513
1048,1.269482135772705
1050,1.4407341480255127
1052,1.3561686277389526
1054,1.3282219171524048
1056,1.1473305225372314
1058,0.9866191148757935
1060,1.280515193939209
1062,1.4287053346633911
1064,1.3291974067687988
1066,1.4033191204071045
1068,1.9238171577453613
1070,1.529130220413208
1072,1.4560956954956055
1074,1.7429530620574951
1076,1.4058562517166138
1078,1.2494820356369019
1080,1.3784914016723633
1082,1.4568676948547363
1084,1.2813915014266968
1086,1.8368725776672363
1088,1.6669981479644775
1090,1.7452318668365479
1092,2.035444498062134
1094,2.204918146133423
1096,1.9531265497207642
1098,1.953471302986145
1100,2.0196287631988525
1102,1.9333852529525757
1104,1.9324779510498047
1106,1.6961158514022827
1108,1.5065240859985352
1110,1.4551209211349487
1112,1.7888007164001465
1114,1.668622612953186
1116,1.8115241527557373
1118,1.601963996887207
1120,1.56070876121521
1122,1.7463477849960327
1124,1.7895359992980957
1126,1.4655202627182007
1128,1.732279658317566
1130,1.7032573223114014
1132,1.6226013898849487
1134,1.6225574016571045
1136,1.9357802867889404
1138,2.154053211212158
1140,2.0228309631347656
1142,2.149066925048828
1144,2.041858196258545
1146,1.7483046054840088
1148,2.0980398654937744
1150,1.8061355352401733
1152,1.906923532485962
1154,2.3279218673706055
1156,1.755741834640503
1158,2.0008444786071777
1160,1.942419409751892
1162,1.987679123878479
1164,1.8814172744750977
1166,1.9838690757751465
1168,2.0563764572143555
1170,1.9822789430618286
1172,2.0258922576904297
1174,2.104527235031128
1176,2.001816987991333
1178,1.754318118095398
1180,1.6934107542037964
1182,2.008748769760132
1184,1.779536485671997
1186,1.586041808128357
1188,2.0823192596435547
1190,1.563655972480774
1192,1.4249684810638428
1194,1.7989697456359863
1196,1.8202147483825684
1198,1.3176511526107788
1200,1.237165927886963
1202,1.1832938194274902
1204,1.219022274017334
1206,1.1747156381607056
1208,0.9168720841407776
1210,1.2886685132980347
1212,1.0326929092407227
1214,1.1195989847183228
1216,1.2153270244598389
1218,1.1316540241241455
1220,1.4126954078674316
1222,1.5210851430892944
1224,1.4197583198547363
1226,1.1495912075042725
1228,1.7721363306045532
1230,1.699028491973877
1232,1.936272382736206
1234,2.8888697624206543
1236,2.841031312942505
1238,2.073570489883423
1240,3.304807186126709
1242,3.5869719982147217
1244,2.8722400665283203
1246,2.576158046722412
1248,2.3195743560791016
1250,2.214292287826538
1252,1.9075136184692383
1254,1.9794604778289795
1256,1.9597346782684326
1258,2.0469272136688232
1260,1.8722432851791382
1262,2.250729560852051
1264,2.3064372539520264
1266,2.512274980545044
1268,2.1842141151428223
1270,2.2613494396209717
1272,2.383233070373535
1274,2.0698916912078857
1276,1.6337382793426514
1278,1.6833289861679077
1280,1.5548739433288574
1282,1.6929606199264526
1284,1.7735810279846191
1286,1.6899009943008423
1288,1.8051104545593262
1290,1.5441665649414062
1292,1.6994998455047607
1294,1.8912378549575806
1296,1.2390661239624023
1298,1.566097617149353
1300,1.7790319919586182
1302,1.8704545497894287
1304,2.2010703086853027
1306,1.7813820838928223
1308,1.9328043460845947
1310,1.8444828987121582
1312,2.234632730484009
1314,2.0947885513305664
1316,1.8239651918411255
1318,2.290088653564453
1320,1.7826530933380127
1322,1.7605119943618774
1324,1.3775177001953125
1326,1.6383213996887207
1328,1.795458436012268
1330,1.6608271598815918
1332,1.826682209968567
1334,1.7028698921203613
1336,1.9334262609481812
1338,2.170971393585205
1340,2.2242281436920166
1342,1.8916363716125488
1344,1.5249443054199219
1346,2.191175699234009
1348,1.9374008178710938
1350,2.0604231357574463
1352,1.7823326587677002
1354,1.7717523574829102
1356,1.377882957458496
1358,1.6976916790008545
1360,1.8133434057235718
1362,1.6357250213623047
1364,1.5802398920059204
1366,1.5204875469207764
1368,1.6237823963165283
1370,1.8814016580581665
1372,1.170694351196289
1374,1.293776512145996
1376,1.2576454877853394
1378,1.6729886531829834
1380,2.1090495586395264
1382,2.419102668762207
1384,2.473374128341675
1386,2.444800853729248
1388,2.707656145095825
1390,2.455127716064453
1392,2.2331840991973877
1394,2.641430616378784
1396,2.1816389560699463
1398,2.314074754714966
1400,2.1369247436523438
1402,2.2163920402526855
1404,2.2655248641967773
1406,2.4540135860443115
1408,2.502122640609741
1410,2.2005205154418945
1412,2.4811792373657227
1414,2.563370704650879
1416,3.132093667984009
1418,2.7232184410095215
1420,2.330390214920044
1422,2.6610019207000732
1424,2.5488991737365723
1426,2.3402771949768066
1428,2.0817277431488037
1430,2.1951494216918945
1432,2.1822669506073
1434,2.153897523880005
1436,2.341245651245117
1438,2.3514564037323
1440,2.3128511905670166
1442,2.1312453746795654
1444,2.4789769649505615
1446,2.3502848148345947
1448,2.250391960144043
1450,2.4823999404907227
1452,2.5847079753875732
1454,2.164665937423706
1456,2.204298973083496
1458,2.0435426235198975
1460,2.345064401626587
1462,2.171189785003662
1464,1.8886853456497192
1466,2.3149774074554443
1468,2.8819055557250977
1470,2.9077932834625244
1472,2.6083133220672607
1474,2.315345287322998
1476,2.7036948204040527
1478,2.6447598934173584
1480,2.263404607772827
1482,2.0728845596313477
1484,2.1024699211120605
1486,2.3109045028686523
1488,1.8649394512176514
1490,1.9275989532470703
1492,2.393019914627075
1494,1.716912865638733
1496,2.452367067337036
1498,1.954329013824463
1500,1.869846224784851
1502,1.8080122470855713
1504,1.9751391410827637
1506,1.862278699874878
1508,2.2596373558044434
1510,2.5221829414367676
1512,1.9429266452789307
1514,1.687554121017456
1516,1.9571956396102905
1518,2.288614511489868
1520,1.895948886871338
1522,1.9675352573394775
1524,2.041820764541626
1526,2.0212161540985107
1528,1.6924718618392944
1530,1.9518067836761475
1532,1.7771821022033691
1534,1.775239109992981
1536,1.9150373935699463
1538,1.7685335874557495
1540,1.9901492595672607
1542,1.495314359664917
1544,1.8219751119613647
1546,1.7817481756210327
1548,1.749206781387329
1550,1.670899748802185
1552,2.093374013900757
1554,1.3312772512435913
1556,1.5656015872955322
1558,1.471712350845337
1560,1.7083207368850708
1562,2.072131395339966
1564,1.987525463104248
1566,1.6727938652038574
1568,1.8040473461151123
1570,1.9801886081695557
1572,2.5003151893615723
1574,2.0811269283294678
1576,2.720749616622925
1578,2.7578001022338867
1580,2.80163311958313
1582,2.6857926845550537
1584,2.3692214488983154
1586,1.8443111181259155
1588,1.8434773683547974
1590,1.6594921350479126
1592,1.6201735734939575
1594,1.2550517320632935
1596,1.5451254844665527
1598,1.7368154525756836
1600,2.2442731857299805
1602,2.5122885704040527
1604,1.821450114250183
1606,1.8764219284057617
1608,2.3235490322113037
1610,1.688021183013916
1612,1.9331257343292236
1614,2.008816719055176
1616,2.2678611278533936
1618,2.625352382659912
1620,3.173137903213501
1622,2.931830883026123
1624,3.147089958190918
1626,2.9189817905426025
1628,2.4574999809265137
1630,2.4046661853790283
1632,1.6090912818908691
1634,1.8300856351852417
1636,2.617112636566162
1638,2.927102565765381
1640,2.838167667388916
1642,2.3296937942504883
1644,2.444728136062622
1646,2.8154683113098145
1648,2.313509941101074
1650,2.106576681137085
1652,2.3769583702087402
1654,2.289482355117798
1656,2.3384106159210205
1658,2.3568410873413086
1660,1.5246433019638062
1662,2.2797486782073975
1664,2.357614278793335
1666,1.9929819107055664
1668,2.2458178997039795
1670,2.5755364894866943
1672,2.0883052349090576
1674,2.111515998840332
1676,2.073633909225464
1678,2.743143320083618
1680,2.728259801864624
1682,2.197220802307129
1684,2.3423807621002197
1686,2.1916868686676025
1688,2.192535638809204
1690,2.2760813236236572
1692,2.328059434890747
1694,2.7729909420013428
1696,2.2629806995391846
1698,2.2619712352752686
1700,3.159583806991577
1702,3.1689934730529785
1704,2.996631145477295
1706,3.0933942794799805
1708,3.2612051963806152
1710,2.6016252040863037
1712,2.7807135581970215
1714,2.796520709991455
1716,2.1882736682891846
1718,2.465655565261841
1720,3.01365327835083
1722,2.8125932216644287
1724,2.7932798862457275
1726,2.477381706237793
1728,2.426100730895996
1730,2.299359083175659
1732,2.2160539627075195
1734,2.2239890098571777
1736,2.2409167289733887
1738,2.0401594638824463
1740,2.315209150314331
1742,1.6171834468841553
1744,1.9806554317474365
1746,1.913714051246643
1748,2.0376532077789307
1750,2.081484079360962
1752,2.2260537147521973
1754,2.541882276535034
1756,2.4116430282592773
1758,2.6077589988708496
1760,2.221829652786255
1762,2.387996196746826
1764,2.566666841506958
1766,2.5670785903930664
1768,2.5770273208618164
1770,2.191225051879883
1772,1.688094139099121
1774,2.300424575805664
1776,2.2807297706604004
1778,2.179241895675659
1780,1.6468732357025146
1782,2.280186653137207
1784,2.22998046875
1786,1.9864301681518555
1788,2.005197763442993
1790,1.8342571258544922
1792,1.9003973007202148
1794,2.182899236679077
1796,2.066662549972534
1798,2.415268659591675
1800,1.9103572368621826
