update_index,critic_loss
1,0.11796914041042328
2,0.138251394033432
3,0.08143254369497299
4,0.08797729015350342
5,0.10448920726776123
6,0.06804915517568588
7,0.07726471871137619
8,0.08761392533779144
9,0.08489139378070831
10,0.10656525194644928
11,0.07647088915109634
12,0.07281166315078735
13,0.060132794082164764
14,0.07288111746311188
15,0.08558923006057739
16,0.09148329496383667
17,0.06406836956739426
18,0.10296133905649185
19,0.07481446862220764
20,0.06524171680212021
21,0.08499660342931747
22,0.06886865198612213
23,0.07426539063453674
24,0.05883891135454178
25,0.044291041791439056
26,0.04448448121547699
27,0.03421887755393982
28,0.062191687524318695
29,0.08128432184457779
30,0.0911363810300827
31,0.05260228365659714
32,0.0498102642595768
33,0.087558813393116
34,0.060830533504486084
35,0.037516918033361435
36,0.07362402975559235
37,0.056784432381391525
38,0.06643050909042358
39,0.05566398799419403
40,0.060596853494644165
41,0.047571659088134766
42,0.06573415547609329
43,0.02760707214474678
44,0.04184607416391373
45,0.03533489629626274
46,0.04832341521978378
47,0.04294457286596298
48,0.05606156587600708
49,0.04161708801984787
50,0.04614565148949623
51,0.023634910583496094
52,0.029901323840022087
53,0.05156407505273819
54,0.03052140772342682
55,0.03634319454431534
56,0.03438901901245117
57,0.038893815129995346
58,0.030750615522265434
59,0.037040162831544876
60,0.03372057527303696
61,0.0334019772708416
62,0.02461061254143715
63,0.04262079298496246
64,0.029361102730035782
65,0.030103683471679688
66,0.02407102845609188
67,0.03319595009088516
68,0.031504131853580475
69,0.013676650822162628
70,0.031003769487142563
71,0.03315354883670807
72,0.02399471588432789
73,0.025582775473594666
74,0.024178266525268555
75,0.03132996708154678
76,0.01896975189447403
77,0.029408060014247894
78,0.026562370359897614
79,0.0287746824324131
80,0.017956260591745377
81,0.023571021854877472
82,0.02136915922164917
83,0.025729458779096603
84,0.02182939648628235
85,0.017285510897636414
86,0.016576100140810013
87,0.019194990396499634
88,0.019860947504639626
89,0.02995970845222473
90,0.028740642592310905
91,0.027083752676844597
92,0.023341108113527298
93,0.030471252277493477
94,0.023409057408571243
95,0.026795484125614166
96,0.020994069054722786
97,0.019164331257343292
98,0.023164071142673492
99,0.0212392695248127
100,0.01770004630088806
101,0.019530542194843292
102,0.015558317303657532
103,0.01523563265800476
104,0.014497939497232437
105,0.01102515123784542
106,0.02795964851975441
107,0.01755615696310997
108,0.029746022075414658
109,0.0208967924118042
110,0.018336240202188492
111,0.015799524262547493
112,0.020360026508569717
113,0.017240218818187714
114,0.020398879423737526
115,0.018428388983011246
116,0.021405063569545746
117,0.019831305369734764
118,0.01660238951444626
119,0.012716950848698616
120,0.01290292851626873
121,0.01540469005703926
122,0.020267779007554054
123,0.02272302284836769
124,0.018640171736478806
125,0.017674017697572708
126,0.013042270205914974
127,0.015170125290751457
128,0.014978532679378986
129,0.01402042992413044
130,0.011507134884595871
131,0.017348770052194595
132,0.012699230574071407
133,0.01733345165848732
134,0.015089871361851692
135,0.014647534117102623
136,0.017043810337781906
137,0.012696941383183002
138,0.013225654140114784
139,0.018403083086013794
140,0.019760120660066605
141,0.012621499598026276
142,0.01729465276002884
143,0.02624323219060898
144,0.009198758751153946
145,0.017385270446538925
146,0.012825416401028633
147,0.00819702073931694
148,0.010301139205694199
149,0.028219666332006454
150,0.012479366734623909
151,0.023562829941511154
152,0.021214492619037628
153,0.009577391669154167
154,0.024239368736743927
155,0.012046859599649906
156,0.01193913072347641
157,0.023896189406514168
158,0.024254288524389267
159,0.0406886488199234
160,0.030884291976690292
161,0.0237459447234869
162,0.014502575621008873
163,0.03237298130989075
164,0.03788064420223236
165,0.019299592822790146
166,0.026167677715420723
167,0.033507928252220154
168,0.014720219187438488
169,0.022166119888424873
170,0.02606513723731041
171,0.02975337952375412
172,0.01674027554690838
173,0.015515767969191074
174,0.015683777630329132
175,0.013353666290640831
176,0.02124268189072609
177,0.020184248685836792
178,0.021554525941610336
179,0.02498907595872879
180,0.02570086345076561
181,0.012750089168548584
182,0.029269330203533173
183,0.025656327605247498
184,0.009796557016670704
185,0.017378561198711395
186,0.02189652994275093
187,0.01935737393796444
188,0.029065053910017014
189,0.024164248257875443
190,0.01977076567709446
191,0.0171099454164505
192,0.019985124468803406
193,0.02310408651828766
194,0.02334849163889885
195,0.02660781517624855
196,0.022889740765094757
197,0.015760388225317
198,0.015309205278754234
199,0.017794925719499588
200,0.033584464341402054
201,0.014262218028306961
202,0.012817388400435448
203,0.014815937727689743
204,0.01811189576983452
205,0.013583667576313019
206,0.025663722306489944
207,0.026402220129966736
208,0.02059585601091385
209,0.020136825740337372
210,0.02585889771580696
211,0.018322044983506203
212,0.013512032106518745
213,0.027867231518030167
214,0.019656021147966385
215,0.01851467974483967
216,0.020196326076984406
217,0.019940843805670738
218,0.022849958389997482
219,0.04810221493244171
220,0.020460907369852066
221,0.019014757126569748
222,0.023828232660889626
223,0.02049247920513153
224,0.021554742008447647
225,0.025224594399333
226,0.019222449511289597
227,0.015085697174072266
228,0.030529797077178955
229,0.02993406355381012
230,0.020847812294960022
231,0.02631676197052002
232,0.017733339220285416
233,0.022065334022045135
234,0.024753063917160034
235,0.017742585390806198
236,0.0281018428504467
237,0.02451639249920845
238,0.014416320249438286
239,0.026544295251369476
240,0.028298774734139442
241,0.03460750728845596
242,0.021570667624473572
243,0.028150999918580055
244,0.01765374094247818
245,0.02517559751868248
246,0.042800173163414
247,0.02154238149523735
248,0.019053859636187553
249,0.04223550483584404
250,0.0169252697378397
251,0.01383934635668993
252,0.008607443422079086
253,0.01954847201704979
254,0.018351208418607712
255,0.04619205370545387
256,0.010750588029623032
257,0.024735603481531143
258,0.02282073348760605
259,0.02497151494026184
260,0.04357839375734329
261,0.03880109637975693
262,0.019907038658857346
263,0.02391287498176098
264,0.01869450882077217
265,0.021493474021553993
266,0.017459269613027573
267,0.03882187232375145
268,0.016994856297969818
269,0.03872324526309967
270,0.019608810544013977
271,0.030303772538900375
272,0.03267863765358925
273,0.06172990798950195
274,0.051747627556324005
275,0.04712371155619621
276,0.02581966668367386
277,0.026261664927005768
278,0.03621293604373932
279,0.02893722802400589
280,0.02077098749577999
281,0.03701941668987274
282,0.032405078411102295
283,0.02242117002606392
284,0.03594377636909485
285,0.04673045873641968
286,0.03640635311603546
287,0.03314206376671791
288,0.02266266942024231
289,0.03324895352125168
290,0.03032066486775875
291,0.0550151951611042
292,0.027321450412273407
293,0.0239830631762743
294,0.02500835433602333
295,0.020676713436841965
296,0.054836057126522064
297,0.02428954839706421
298,0.028612665832042694
299,0.021414898335933685
300,0.04250157251954079
301,0.02750737965106964
302,0.03135611489415169
303,0.02629278041422367
304,0.021759234368801117
305,0.026088930666446686
306,0.01782800257205963
307,0.014745716005563736
308,0.020876450464129448
309,0.023340914398431778
310,0.016139794141054153
311,0.023729149252176285
312,0.044296156615018845
313,0.033940184861421585
314,0.024825796484947205
315,0.015020057559013367
316,0.03040703758597374
317,0.02277754247188568
318,0.013148119673132896
319,0.015655267983675003
320,0.024098750203847885
321,0.019040144979953766
322,0.03748905658721924
323,0.019973235204815865
324,0.020425662398338318
325,0.03024507872760296
326,0.026496373116970062
327,0.01994219422340393
328,0.027184762060642242
329,0.021158194169402122
330,0.01901955157518387
331,0.026800863444805145
332,0.026107486337423325
333,0.011398263275623322
334,0.019110944122076035
335,0.02016589045524597
336,0.03948602452874184
337,0.027971414849162102
338,0.027090901508927345
339,0.030680784955620766
340,0.01785724237561226
341,0.029328856617212296
342,0.01772311143577099
343,0.030093137174844742
344,0.020515214651823044
345,0.024805262684822083
346,0.014662817120552063
347,0.04403072968125343
348,0.051885124295949936
349,0.018461983650922775
350,0.024449914693832397
351,0.019209202378988266
352,0.0256157498806715
353,0.03759433329105377
354,0.04308318346738815
355,0.024848556146025658
356,0.018485013395547867
357,0.022196300327777863
358,0.018662914633750916
359,0.027843616902828217
360,0.0456843227148056
361,0.023731961846351624
362,0.025322958827018738
363,0.028710024431347847
364,0.022298116236925125
365,0.026208046823740005
366,0.035334981977939606
367,0.023047441616654396
368,0.041121579706668854
369,0.028454575687646866
370,0.035418108105659485
371,0.03434201329946518
372,0.023769453167915344
373,0.030034825205802917
374,0.017767280340194702
375,0.028417222201824188
376,0.015624186024069786
377,0.018834903836250305
378,0.017362365499138832
379,0.018077120184898376
380,0.019869504496455193
381,0.03872181102633476
382,0.029487501829862595
383,0.025019150227308273
384,0.03104926459491253
385,0.018861696124076843
386,0.03007049486041069
387,0.02693612314760685
388,0.03650388866662979
389,0.021839942783117294
390,0.022779274731874466
391,0.02448994852602482
392,0.02395961806178093
393,0.023590389639139175
394,0.019356215372681618
395,0.0330505296587944
396,0.020742902532219887
397,0.039237260818481445
398,0.02133873850107193
399,0.02834343910217285
400,0.03612393140792847
401,0.0288969948887825
402,0.015203814953565598
403,0.016874119639396667
404,0.032204750925302505
405,0.019218184053897858
406,0.010834465734660625
407,0.017968665808439255
408,0.02499915100634098
409,0.030604582279920578
410,0.020070256665349007
411,0.01620030775666237
412,0.024830371141433716
413,0.02343980222940445
414,0.015180051326751709
415,0.01938035897910595
416,0.025424057617783546
417,0.017829082906246185
418,0.01506764069199562
419,0.021855175495147705
420,0.023352403193712234
421,0.04133165255188942
422,0.025498420000076294
423,0.024549011141061783
424,0.01995788887143135
425,0.014483212493360043
426,0.022618267685174942
427,0.014031922444701195
428,0.015404080972075462
429,0.016401711851358414
430,0.056999802589416504
431,0.027166057378053665
432,0.025905635207891464
433,0.05320577323436737
434,0.030316267162561417
435,0.03321179375052452
436,0.05505939573049545
437,0.016344550997018814
438,0.016315259039402008
439,0.026111505925655365
440,0.02292841672897339
441,0.022270482033491135
442,0.025666184723377228
443,0.015933075919747353
444,0.020743712782859802
445,0.033172376453876495
446,0.01518989261239767
447,0.03891799598932266
448,0.021518852561712265
449,0.027953971177339554
450,0.026952587068080902
451,0.02321557328104973
452,0.01950022578239441
453,0.031237438321113586
454,0.05491068214178085
455,0.04112176597118378
456,0.024022765457630157
457,0.016937699168920517
458,0.0228269062936306
459,0.03086255118250847
460,0.0229971781373024
461,0.03406701236963272
462,0.018377145752310753
463,0.020862899720668793
464,0.023151230067014694
465,0.02262200228869915
466,0.023463159799575806
467,0.019982699304819107
468,0.02893582545220852
469,0.021765118464827538
470,0.05235860496759415
471,0.054366715252399445
472,0.023089328780770302
473,0.013283014297485352
474,0.03048202395439148
475,0.015714144334197044
476,0.02174018882215023
477,0.03719931095838547
478,0.016792507842183113
479,0.016430065035820007
480,0.03338192403316498
481,0.035410989075899124
482,0.020002033561468124
483,0.02988046035170555
484,0.03484708070755005
485,0.02854565903544426
486,0.0516064316034317
487,0.020307105034589767
488,0.017817195504903793
489,0.021934550255537033
490,0.025891464203596115
491,0.012681135907769203
492,0.023557469248771667
493,0.031962715089321136
494,0.015344282612204552
495,0.01761350966989994
496,0.03107447549700737
497,0.01617100089788437
498,0.023730497807264328
499,0.02409384399652481
500,0.040025413036346436
501,0.021401559934020042
502,0.028843188658356667
503,0.024734508246183395
504,0.022403204813599586
505,0.01940617337822914
506,0.021733637899160385
507,0.05369561165571213
508,0.04144357889890671
509,0.045273929834365845
510,0.03990158438682556
511,0.03290321305394173
512,0.016906872391700745
513,0.03210514783859253
514,0.035532593727111816
515,0.03410462290048599
516,0.02332008257508278
517,0.02037813887000084
518,0.03275960311293602
519,0.017270829528570175
520,0.02300778403878212
521,0.027080945670604706
522,0.018087107688188553
523,0.02350885421037674
524,0.02807251363992691
525,0.02201732061803341
526,0.03128829598426819
527,0.017523836344480515
528,0.021007755771279335
529,0.018539397045969963
530,0.04523790627717972
531,0.030709274113178253
532,0.021850090473890305
533,0.03510197997093201
534,0.027784965932369232
535,0.046972617506980896
536,0.022561699151992798
537,0.020832326263189316
538,0.02504224330186844
539,0.03804760426282883
540,0.04589167237281799
541,0.04542730376124382
542,0.034414730966091156
543,0.017202110961079597
544,0.030095728114247322
545,0.0379321351647377
546,0.018704794347286224
547,0.02668628841638565
548,0.02562943659722805
549,0.022001124918460846
550,0.03252212703227997
551,0.02594917081296444
552,0.01355399377644062
553,0.02043023332953453
554,0.01723572053015232
555,0.040665626525878906
556,0.017004970461130142
557,0.022396188229322433
558,0.020071135833859444
559,0.03806597739458084
560,0.022109974175691605
561,0.017009787261486053
562,0.039198413491249084
563,0.025059973821043968
564,0.02459893934428692
565,0.03673648089170456
566,0.013775814324617386
567,0.02444601245224476
568,0.016597218811511993
569,0.029360610991716385
570,0.022100908681750298
571,0.017314596101641655
572,0.034497953951358795
573,0.030709972605109215
574,0.031184643507003784
575,0.036813922226428986
576,0.03520103171467781
577,0.016826631501317024
578,0.02137717977166176
579,0.03202614188194275
580,0.02794867940247059
581,0.031110215932130814
582,0.020156092941761017
583,0.018697107210755348
584,0.028759559616446495
585,0.027897648513317108
586,0.025415733456611633
587,0.01190584059804678
588,0.02728274092078209
589,0.02822239138185978
590,0.01846122369170189
591,0.02242584526538849
592,0.027714543044567108
593,0.02918628789484501
594,0.039242230355739594
595,0.03563345596194267
596,0.024022428318858147
597,0.036330051720142365
598,0.03325207531452179
599,0.032443925738334656
600,0.022663146257400513
601,0.030037010088562965
602,0.02124318666756153
603,0.03592740744352341
604,0.019009390845894814
605,0.017388474196195602
606,0.03326088935136795
607,0.02348962426185608
608,0.03248351439833641
609,0.026276899501681328
610,0.03168994188308716
611,0.02111419104039669
612,0.02821362391114235
613,0.0184909850358963
614,0.020416811108589172
615,0.0355243906378746
616,0.03180893510580063
617,0.03165420889854431
618,0.0536685511469841
619,0.029386743903160095
620,0.027843553572893143
621,0.01436533872038126
622,0.02803461067378521
623,0.027582108974456787
624,0.021181883290410042
625,0.020975176244974136
626,0.03321428969502449
627,0.01931558921933174
628,0.030195659026503563
629,0.04179811477661133
630,0.04089691862463951
631,0.02131209522485733
632,0.012943968176841736
633,0.034524597227573395
634,0.025174662470817566
635,0.023101503029465675
636,0.028882237151265144
637,0.020288411527872086
638,0.0296311192214489
639,0.02487381175160408
640,0.023062851279973984
641,0.023578934371471405
642,0.017397478222846985
643,0.02149439975619316
644,0.025654012337327003
645,0.029441943392157555
646,0.01755388453602791
647,0.024973522871732712
648,0.029892127960920334
649,0.027785304933786392
650,0.02397621050477028
651,0.02663537487387657
652,0.0856422632932663
653,0.016572589054703712
654,0.031191237270832062
655,0.03648862987756729
656,0.026630813255906105
657,0.027810733765363693
658,0.026082128286361694
659,0.01796974614262581
660,0.035270806401968
661,0.03657360374927521
662,0.020196275785565376
663,0.022725984454154968
664,0.020908698439598083
665,0.014254678040742874
666,0.01605670154094696
667,0.033440664410591125
668,0.02052651159465313
669,0.04941228777170181
670,0.015356653369963169
671,0.021609708666801453
672,0.029141046106815338
673,0.030197668820619583
674,0.013439126312732697
675,0.028147101402282715
676,0.027950868010520935
677,0.019871335476636887
678,0.03205229341983795
679,0.0349547304213047
680,0.021199293434619904
681,0.025340771302580833
682,0.0256817564368248
683,0.018151775002479553
684,0.055166445672512054
685,0.02515239082276821
686,0.021495666354894638
687,0.01985250785946846
688,0.020359696820378304
689,0.02163831889629364
690,0.023351676762104034
691,0.028489209711551666
692,0.02580542117357254
693,0.028554949909448624
694,0.02169402316212654
695,0.013382920995354652
696,0.016120219603180885
697,0.03512348234653473
698,0.020303724333643913
699,0.033183202147483826
700,0.035220224410295486
701,0.033104583621025085
702,0.022533001378178596
703,0.02854510024189949
704,0.04128740727901459
705,0.019965721294283867
706,0.037478506565093994
707,0.03635985404253006
708,0.021148834377527237
709,0.01555080059915781
710,0.024134913459420204
711,0.04675295948982239
712,0.013023382052779198
713,0.015872422605752945
714,0.017803439870476723
715,0.027569526806473732
716,0.027497058734297752
717,0.04613380879163742
718,0.015580441802740097
719,0.024991951882839203
720,0.03058040142059326
721,0.027832284569740295
722,0.023873280733823776
723,0.03305806219577789
724,0.019881639629602432
725,0.0338006392121315
726,0.030634582042694092
727,0.029395872727036476
728,0.018143203109502792
729,0.0183810256421566
730,0.0220399908721447
731,0.02463974989950657
732,0.02869539149105549
733,0.018988385796546936
734,0.03816590458154678
735,0.02362951636314392
736,0.042274702340364456
737,0.03516224026679993
738,0.03315480053424835
739,0.04020863026380539
740,0.018528427928686142
741,0.03130412846803665
742,0.025496363639831543
743,0.032039232552051544
744,0.02768065221607685
745,0.04077264666557312
746,0.0322798527777195
747,0.030038319528102875
748,0.023067418485879898
749,0.027269624173641205
750,0.028174398466944695
751,0.02527996152639389
752,0.015588376671075821
753,0.026077551767230034
754,0.04017246514558792
755,0.01546955481171608
756,0.021012458950281143
757,0.03646348789334297
758,0.04509073868393898
759,0.023736197501420975
760,0.027975518256425858
761,0.03681100904941559
762,0.01989254355430603
763,0.01748943328857422
764,0.028806492686271667
765,0.044561244547367096
766,0.017095085233449936
767,0.018206704407930374
768,0.03203520178794861
769,0.024476908147335052
770,0.018679745495319366
771,0.022541247308254242
772,0.018686287105083466
773,0.011437773704528809
774,0.019769884645938873
775,0.015491034835577011
776,0.022450605407357216
777,0.025175131857395172
778,0.029620233923196793
779,0.016016118228435516
780,0.01841801032423973
781,0.0255600418895483
782,0.041315313428640366
783,0.0400983989238739
784,0.02411906234920025
785,0.022215038537979126
786,0.017967674881219864
787,0.03061271458864212
788,0.031600259244441986
789,0.04847250133752823
790,0.03161807358264923
791,0.019530262798070908
792,0.03252914920449257
793,0.023286856710910797
794,0.03252662345767021
795,0.024883143603801727
796,0.034209419041872025
797,0.019905420020222664
798,0.02600342035293579
799,0.014446082524955273
800,0.02008887380361557
801,0.03322036936879158
802,0.02082844078540802
803,0.016628485172986984
804,0.015715114772319794
805,0.01930111274123192
806,0.0232926644384861
807,0.02104746736586094
808,0.03342520445585251
809,0.022920943796634674
810,0.017978481948375702
811,0.017460398375988007
812,0.02411114051938057
813,0.019375432282686234
814,0.027950508520007133
815,0.017016150057315826
816,0.025650320574641228
817,0.023291707038879395
818,0.03677265718579292
819,0.04219301789999008
820,0.029107095673680305
821,0.03533344715833664
822,0.014620638452470303
823,0.027241762727499008
824,0.030238628387451172
825,0.037519726902246475
826,0.02586277201771736
827,0.055403001606464386
828,0.047667182981967926
829,0.03893166035413742
830,0.021490588784217834
831,0.030083220452070236
832,0.043137580156326294
833,0.032398901879787445
834,0.0258078183978796
835,0.04361597076058388
836,0.03808951750397682
837,0.022879982367157936
838,0.021729130297899246
839,0.027969449758529663
840,0.020763661712408066
841,0.031827542930841446
842,0.023495212197303772
843,0.022036874666810036
844,0.02892644703388214
845,0.026566172018647194
846,0.027864716947078705
847,0.023088879883289337
848,0.01923878863453865
849,0.037397369742393494
850,0.026308750733733177
851,0.030685096979141235
852,0.02803586795926094
853,0.02740040048956871
854,0.037265583872795105
855,0.02991604432463646
856,0.018216822296380997
857,0.021205835044384003
858,0.042795632034540176
859,0.025126878172159195
860,0.0342509001493454
861,0.027086816728115082
862,0.03914157301187515
863,0.021889474242925644
864,0.019726652652025223
865,0.047274328768253326
866,0.020407497882843018
867,0.0242700707167387
868,0.020874161273241043
869,0.020673681050539017
870,0.0368342250585556
871,0.054057784378528595
872,0.03283923119306564
873,0.019173922017216682
874,0.02864661067724228
875,0.02736940234899521
876,0.023861495777964592
877,0.021716579794883728
878,0.02507828176021576
879,0.04464753717184067
880,0.03227236494421959
881,0.027876675128936768
882,0.025675823912024498
883,0.025020187720656395
884,0.029912374913692474
885,0.037822622805833817
886,0.02569911815226078
887,0.039756812155246735
888,0.025686806067824364
889,0.02459048479795456
890,0.03262186422944069
891,0.024210166186094284
892,0.021816041320562363
893,0.021101439371705055
894,0.02035120129585266
895,0.04492488503456116
896,0.016943037509918213
897,0.041574325412511826
898,0.024877872318029404
899,0.034392476081848145
900,0.01830310933291912
901,0.026707451790571213
902,0.01962863840162754
903,0.02965882048010826
904,0.018063683062791824
905,0.04659875109791756
906,0.0303804874420166
907,0.03113851137459278
908,0.025041423738002777
909,0.02123979851603508
910,0.021360501646995544
911,0.04157295078039169
912,0.05244653671979904
913,0.03200279176235199
914,0.030542392283678055
915,0.03329578787088394
916,0.03354494273662567
917,0.030014539137482643
918,0.02150004729628563
919,0.03104223683476448
920,0.022798676043748856
921,0.03228474780917168
922,0.02037295326590538
923,0.024857081472873688
924,0.029133250936865807
925,0.045345667749643326
926,0.05167125165462494
927,0.05207701027393341
928,0.020825140178203583
929,0.02698536030948162
930,0.03925878554582596
931,0.01982925459742546
932,0.03345855325460434
933,0.03916135057806969
934,0.027180910110473633
935,0.03194238618016243
936,0.025663360953330994
937,0.04981895908713341
938,0.040398307144641876
939,0.028763046488165855
940,0.06829984486103058
941,0.018594585359096527
942,0.02669607475399971
943,0.028482314199209213
944,0.03500312194228172
945,0.03368881344795227
946,0.033976200968027115
947,0.035576269030570984
948,0.02633315697312355
949,0.018755631521344185
950,0.030706994235515594
951,0.03512401878833771
952,0.029757166281342506
953,0.029032975435256958
954,0.02375069633126259
955,0.023448608815670013
956,0.027700573205947876
957,0.018342003226280212
958,0.026809658855199814
959,0.05253341794013977
960,0.024305295199155807
961,0.029370062053203583
962,0.034924108535051346
963,0.03771363943815231
964,0.02606349065899849
965,0.04574818164110184
966,0.0378190316259861
967,0.023294683545827866
968,0.040695786476135254
969,0.05221892148256302
970,0.05323822796344757
971,0.030504271388053894
972,0.032588474452495575
973,0.03315190225839615
974,0.022217396646738052
975,0.021182730793952942
976,0.026610463857650757
977,0.02116086333990097
978,0.030279017984867096
979,0.01963048428297043
980,0.03505013883113861
981,0.028194982558488846
982,0.01802174560725689
983,0.023897700011730194
984,0.018509438261389732
985,0.041635848581790924
986,0.02919822931289673
987,0.02400600165128708
988,0.01779729127883911
989,0.02748970128595829
990,0.03852681815624237
991,0.023244613781571388
992,0.0239504873752594
993,0.03814536705613136
994,0.019186582416296005
995,0.017654236406087875
996,0.022119203582406044
997,0.021537620574235916
998,0.026145432144403458
999,0.02075880765914917
1000,0.0401238277554512
1001,0.027581458911299706
1002,0.016116240993142128
1003,0.030031077563762665
1004,0.03696504980325699
1005,0.02154814824461937
1006,0.015039034187793732
1007,0.03385845199227333
1008,0.02695593610405922
1009,0.03038458712399006
1010,0.02084749937057495
1011,0.02002434805035591
1012,0.03917568176984787
1013,0.022231634706258774
1014,0.025674302130937576
1015,0.028388824313879013
1016,0.020650044083595276
1017,0.03396312892436981
1018,0.01804318092763424
1019,0.03592633455991745
1020,0.023667478933930397
1021,0.0244552381336689
1022,0.026337869465351105
1023,0.027543731033802032
1024,0.02716272696852684
1025,0.024298224598169327
1026,0.016021154820919037
1027,0.035939909517765045
1028,0.02383221872150898
1029,0.026628699153661728
1030,0.03655809909105301
1031,0.017757095396518707
1032,0.03056059032678604
1033,0.03032967820763588
1034,0.02833668887615204
1035,0.031991127878427505
1036,0.03901377692818642
1037,0.036842577159404755
1038,0.029697980731725693
1039,0.03815405070781708
1040,0.029159728437662125
1041,0.026956945657730103
1042,0.04532291740179062
1043,0.03530452027916908
1044,0.025299761444330215
1045,0.033401332795619965
1046,0.03769151121377945
1047,0.03201032802462578
1048,0.0247427299618721
1049,0.020399052649736404
1050,0.023518815636634827
1051,0.014830658212304115
1052,0.03553818166255951
1053,0.026482317596673965
1054,0.02480466291308403
1055,0.04301436245441437
1056,0.030629251152276993
1057,0.022764869034290314
1058,0.05113639310002327
1059,0.03182942792773247
1060,0.01936057023704052
1061,0.04248921945691109
1062,0.025463242083787918
1063,0.02958400920033455
1064,0.023214008659124374
1065,0.029942207038402557
1066,0.030407316982746124
1067,0.02591245248913765
1068,0.03351116180419922
1069,0.030898289754986763
1070,0.02666126750409603
1071,0.016317838802933693
1072,0.01621415466070175
1073,0.029502706602215767
1074,0.06264352798461914
1075,0.023012883961200714
1076,0.02565746009349823
1077,0.029151007533073425
1078,0.022198889404535294
1079,0.02335669845342636
1080,0.027535490691661835
1081,0.041176509112119675
1082,0.03328322619199753
1083,0.02085339091718197
1084,0.042518146336078644
1085,0.02768796868622303
1086,0.02594940923154354
1087,0.03239281848073006
1088,0.03696471452713013
1089,0.032636143267154694
1090,0.020398760214447975
1091,0.03269948810338974
1092,0.026149315759539604
1093,0.0285334475338459
1094,0.02231799066066742
1095,0.024360226467251778
1096,0.027686869725584984
1097,0.018420370295643806
1098,0.022055432200431824
1099,0.023932650685310364
1100,0.023685451596975327
1101,0.03741992264986038
1102,0.03196128085255623
1103,0.03569600731134415
1104,0.03665640205144882
1105,0.02243802696466446
1106,0.06762218475341797
1107,0.021506566554307938
1108,0.04770973324775696
1109,0.03643747419118881
1110,0.0545823909342289
1111,0.05209895223379135
1112,0.040095552802085876
1113,0.029234357178211212
1114,0.03976608067750931
1115,0.030624082311987877
1116,0.016925979405641556
1117,0.05759632959961891
1118,0.023990411311388016
1119,0.028950735926628113
1120,0.04700389504432678
1121,0.024253148585557938
1122,0.034532055258750916
1123,0.02176678366959095
1124,0.013016555458307266
1125,0.021451245993375778
1126,0.032865267246961594
1127,0.06939475983381271
1128,0.021630065515637398
1129,0.024080675095319748
1130,0.078753761947155
1131,0.06429276615381241
1132,0.03785933554172516
1133,0.03603428602218628
1134,0.030212443321943283
1135,0.02775319293141365
1136,0.028628401458263397
1137,0.05037568882107735
1138,0.04315624386072159
1139,0.024616779759526253
1140,0.030298501253128052
1141,0.05416663736104965
1142,0.01886161044239998
1143,0.029397491365671158
1144,0.0595303475856781
1145,0.04947787523269653
1146,0.04514850676059723
1147,0.0611855611205101
1148,0.030077572911977768
1149,0.06364154815673828
1150,0.045039959251880646
1151,0.023043010383844376
1152,0.022926822304725647
1153,0.04272513836622238
1154,0.03560493141412735
1155,0.04691910743713379
1156,0.023757893592119217
1157,0.03723812475800514
1158,0.025051329284906387
1159,0.0496244803071022
1160,0.05526292324066162
1161,0.034140653908252716
1162,0.03697086498141289
1163,0.03957435488700867
1164,0.020863419398665428
1165,0.06538896262645721
1166,0.03870437294244766
1167,0.043567314743995667
1168,0.03476922959089279
1169,0.03323029726743698
1170,0.05710969865322113
1171,0.028163569048047066
1172,0.04360600560903549
1173,0.023139219731092453
1174,0.028494473546743393
1175,0.05871673300862312
1176,0.02796637825667858
1177,0.04726335406303406
1178,0.02207823656499386
1179,0.04623442888259888
1180,0.07048691809177399
1181,0.030601918697357178
1182,0.039231076836586
1183,0.03852645307779312
1184,0.03421619534492493
1185,0.03298543393611908
1186,0.02808307483792305
1187,0.08097255229949951
1188,0.028682593256235123
1189,0.04405584931373596
1190,0.04468647018074989
1191,0.027160275727510452
1192,0.03684402257204056
1193,0.02414625696837902
1194,0.06987905502319336
1195,0.03689727187156677
1196,0.04915235936641693
1197,0.048995085060596466
1198,0.05218399316072464
1199,0.02782776579260826
1200,0.038359131664037704
1201,0.027165714651346207
1202,0.03378669172525406
1203,0.039210736751556396
1204,0.05689556151628494
1205,0.03425845503807068
1206,0.020693007856607437
1207,0.04253653436899185
1208,0.043093111366033554
1209,0.03855712711811066
1210,0.05552074685692787
1211,0.04121474176645279
1212,0.042841412127017975
1213,0.06783708930015564
1214,0.032083991914987564
1215,0.048234015703201294
1216,0.03929482400417328
1217,0.042221538722515106
1218,0.052252233028411865
1219,0.038756441324949265
1220,0.04158097878098488
1221,0.040290869772434235
1222,0.05513712018728256
1223,0.06430123746395111
1224,0.049713388085365295
1225,0.052960269153118134
1226,0.027155322954058647
1227,0.056204888969659805
1228,0.038708388805389404
1229,0.038792893290519714
1230,0.04280503839254379
1231,0.02467864751815796
1232,0.0486890971660614
1233,0.033708974719047546
1234,0.03696603327989578
1235,0.03274890035390854
1236,0.023815393447875977
1237,0.039857178926467896
1238,0.022749438881874084
1239,0.030570143833756447
1240,0.04247839003801346
1241,0.042423397302627563
1242,0.048687808215618134
1243,0.02832169458270073
1244,0.04630540311336517
1245,0.029018815606832504
1246,0.03111332096159458
1247,0.05498691648244858
1248,0.036561332643032074
1249,0.03047141432762146
1250,0.039245426654815674
1251,0.020006366074085236
1252,0.03231196105480194
1253,0.0316394679248333
1254,0.030351217836141586
1255,0.0212993323802948
1256,0.03904459998011589
1257,0.030031351372599602
1258,0.021310601383447647
1259,0.02464485540986061
1260,0.04917002096772194
1261,0.020409490913152695
1262,0.04511990025639534
1263,0.04399741441011429
1264,0.04469498246908188
1265,0.03614083677530289
1266,0.03541391342878342
1267,0.028271690011024475
1268,0.02882019244134426
1269,0.03169023245573044
1270,0.04191989079117775
1271,0.03961135447025299
1272,0.03431262820959091
1273,0.016826286911964417
1274,0.04103107005357742
1275,0.046155430376529694
1276,0.019976433366537094
1277,0.023601658642292023
1278,0.027925778180360794
1279,0.022185955196619034
1280,0.0461796335875988
1281,0.02023250237107277
1282,0.042817264795303345
1283,0.030815189704298973
1284,0.035487979650497437
1285,0.02281557396054268
1286,0.05480971187353134
1287,0.0517527237534523
1288,0.031467504799366
1289,0.02893216535449028
1290,0.03217225521802902
1291,0.03549821674823761
1292,0.02646608278155327
1293,0.04587393254041672
1294,0.0640089362859726
1295,0.041104115545749664
1296,0.02492617629468441
1297,0.04148292541503906
1298,0.033233191817998886
1299,0.031603261828422546
1300,0.04605633392930031
1301,0.038242705166339874
1302,0.03256424516439438
1303,0.026589082553982735
1304,0.019488587975502014
1305,0.03502664715051651
1306,0.01639581471681595
1307,0.030658576637506485
1308,0.051451317965984344
1309,0.03917335718870163
1310,0.028375869616866112
1311,0.03800113499164581
1312,0.025662891566753387
1313,0.02432846650481224
1314,0.028179384768009186
1315,0.03427298367023468
1316,0.026351144537329674
1317,0.015125958248972893
1318,0.025414492934942245
1319,0.024116143584251404
1320,0.044958338141441345
1321,0.017994504421949387
1322,0.04886528104543686
1323,0.04129360616207123
1324,0.027937080711126328
1325,0.045822061598300934
1326,0.042214296758174896
1327,0.03126804530620575
1328,0.030250675976276398
1329,0.031397704035043716
1330,0.0321127325296402
1331,0.040298014879226685
1332,0.05132194608449936
1333,0.057198986411094666
1334,0.048720620572566986
1335,0.034398552030324936
1336,0.028997797518968582
1337,0.043724507093429565
1338,0.0532216802239418
1339,0.05313533544540405
1340,0.03360665589570999
1341,0.026600200682878494
1342,0.03385835886001587
1343,0.03491497039794922
1344,0.03074873611330986
1345,0.023993095383048058
1346,0.040649112313985825
1347,0.028635596856474876
1348,0.022213151678442955
1349,0.03926718607544899
1350,0.03259579837322235
1351,0.035048212856054306
1352,0.026641741394996643
1353,0.04529213905334473
1354,0.059122759848833084
1355,0.02489624172449112
1356,0.04413840174674988
1357,0.03358522802591324
1358,0.02743772603571415
1359,0.03842814266681671
1360,0.037459179759025574
1361,0.038554847240448
1362,0.032111167907714844
1363,0.023944683372974396
1364,0.049976810812950134
1365,0.05111480504274368
1366,0.0782754123210907
1367,0.03735112398862839
1368,0.02523425966501236
1369,0.04378083720803261
1370,0.04066924750804901
1371,0.05127040669322014
1372,0.05344213545322418
1373,0.03182079643011093
1374,0.03603664040565491
1375,0.037860289216041565
1376,0.05516790226101875
1377,0.11460579186677933
1378,0.03069283440709114
1379,0.028034504503011703
1380,0.028703488409519196
1381,0.014640603214502335
1382,0.033430613577365875
1383,0.02751801162958145
1384,0.04504089429974556
1385,0.03233584016561508
1386,0.02476496994495392
1387,0.06681202352046967
1388,0.04030533507466316
1389,0.019790073856711388
1390,0.03460952639579773
1391,0.041006311774253845
1392,0.025843210518360138
1393,0.029231343418359756
1394,0.03152212128043175
1395,0.030815616250038147
1396,0.019639763981103897
1397,0.022829849272966385
1398,0.03562832623720169
1399,0.050415780395269394
1400,0.041294991970062256
1401,0.033554524183273315
1402,0.07706106454133987
1403,0.033177606761455536
1404,0.03849378600716591
1405,0.03543530032038689
1406,0.03698223829269409
1407,0.0313841849565506
1408,0.05059687793254852
1409,0.02964691072702408
1410,0.023037035018205643
1411,0.029353473335504532
1412,0.02920880913734436
1413,0.039686113595962524
1414,0.01974625140428543
1415,0.05460326373577118
1416,0.032686810940504074
1417,0.04165434092283249
1418,0.045484885573387146
1419,0.0210115946829319
1420,0.031184857711195946
1421,0.03251469135284424
1422,0.02004610002040863
1423,0.02715195156633854
1424,0.06150029972195625
1425,0.030808577314019203
1426,0.027306953445076942
1427,0.048679038882255554
1428,0.026699155569076538
1429,0.013252929784357548
1430,0.05935189500451088
1431,0.06241576373577118
1432,0.019593212753534317
1433,0.030263710767030716
1434,0.03603656217455864
1435,0.03285377472639084
1436,0.035677116364240646
1437,0.02220155857503414
1438,0.08254271000623703
1439,0.0322248674929142
1440,0.04650833085179329
1441,0.04767872393131256
1442,0.04686854034662247
1443,0.049648743122816086
1444,0.021487779915332794
1445,0.026190653443336487
1446,0.039717599749565125
1447,0.02580232545733452
1448,0.03409084677696228
1449,0.02457539737224579
1450,0.038538381457328796
1451,0.017490021884441376
1452,0.017130540683865547
1453,0.030070021748542786
1454,0.03127531707286835
1455,0.025682637467980385
1456,0.07287134975194931
1457,0.031729329377412796
1458,0.04118425399065018
1459,0.02814299426972866
1460,0.030133046209812164
1461,0.044424913823604584
1462,0.04179827868938446
1463,0.05320797115564346
1464,0.0649004578590393
1465,0.02886199951171875
1466,0.04226270690560341
1467,0.05160436034202576
1468,0.04092905670404434
1469,0.06694525480270386
1470,0.028890270739793777
1471,0.03851165995001793
1472,0.023009203374385834
1473,0.033154040575027466
1474,0.039275795221328735
1475,0.04125901311635971
1476,0.029807766899466515
1477,0.030355092138051987
1478,0.0504782497882843
1479,0.030285071581602097
1480,0.03809410706162453
1481,0.04370032250881195
1482,0.051814060658216476
1483,0.027177151292562485
1484,0.06294829398393631
1485,0.038169823586940765
1486,0.037575483322143555
1487,0.055664002895355225
1488,0.017992962151765823
1489,0.03510585427284241
1490,0.03194916993379593
1491,0.027031678706407547
1492,0.04185103625059128
1493,0.032176002860069275
1494,0.03492743894457817
1495,0.04604274034500122
1496,0.04245227575302124
1497,0.03823333978652954
1498,0.02746107056736946
1499,0.05184322968125343
1500,0.07540581375360489
1501,0.05262134596705437
1502,0.0724831223487854
1503,0.03944552689790726
1504,0.02782318741083145
1505,0.05097981542348862
1506,0.032219164073467255
1507,0.022649306803941727
1508,0.043238162994384766
1509,0.04584653303027153
1510,0.02834092080593109
1511,0.033502429723739624
1512,0.03220247104763985
1513,0.07315896451473236
1514,0.04491221904754639
1515,0.05411108210682869
1516,0.04317940026521683
1517,0.0273473858833313
1518,0.040760964155197144
1519,0.03337285667657852
1520,0.027147941291332245
1521,0.025147058069705963
1522,0.030597541481256485
1523,0.0591580793261528
1524,0.04795433580875397
1525,0.029806291684508324
1526,0.03467967361211777
1527,0.026097899302840233
1528,0.03399847447872162
1529,0.04619673639535904
1530,0.03139924257993698
1531,0.047183018177747726
1532,0.033516593277454376
1533,0.023589137941598892
1534,0.02637086808681488
1535,0.026519775390625
1536,0.06229289248585701
1537,0.025935683399438858
1538,0.04721913859248161
1539,0.04461536183953285
1540,0.038771048188209534
1541,0.046382978558540344
1542,0.034246549010276794
1543,0.033114220947027206
1544,0.04717446118593216
1545,0.029512453824281693
1546,0.03989175334572792
1547,0.031508736312389374
1548,0.03280403092503548
1549,0.0546693354845047
1550,0.047467198222875595
1551,0.018277157098054886
1552,0.020414413884282112
1553,0.04630716145038605
1554,0.04295354336500168
1555,0.04776785522699356
1556,0.04340844601392746
1557,0.04113401100039482
1558,0.06985300034284592
1559,0.05285532772541046
1560,0.06735223531723022
1561,0.04494427144527435
1562,0.04655981436371803
1563,0.04561610892415047
1564,0.03748922795057297
1565,0.04569951444864273
1566,0.0376315675675869
1567,0.0390251949429512
1568,0.03480697423219681
1569,0.028891729190945625
1570,0.04212430864572525
1571,0.05451668053865433
1572,0.03701945021748543
1573,0.036127783358097076
1574,0.048143170773983
1575,0.05036579817533493
1576,0.051850274205207825
1577,0.03391322121024132
1578,0.036601219326257706
1579,0.04024326056241989
1580,0.03721882402896881
1581,0.03872983902692795
1582,0.04106304049491882
1583,0.04108797013759613
1584,0.054783061146736145
1585,0.03172570839524269
1586,0.07231283187866211
1587,0.048576824367046356
1588,0.028883568942546844
1589,0.017946535721421242
1590,0.03053727000951767
1591,0.0242114569991827
1592,0.028641410171985626
1593,0.03992520645260811
1594,0.0469113290309906
1595,0.02806953340768814
1596,0.037939634174108505
1597,0.03379969298839569
1598,0.034819185733795166
1599,0.01916317269206047
1600,0.026349987834692
1601,0.03351769223809242
1602,0.02370533160865307
1603,0.0392545685172081
1604,0.023761138319969177
1605,0.027364397421479225
1606,0.022913871333003044
1607,0.03403930738568306
1608,0.025444447994232178
1609,0.024840712547302246
1610,0.05151432752609253
1611,0.033596791326999664
1612,0.021148450672626495
1613,0.04251936078071594
1614,0.03394336998462677
1615,0.031665198504924774
1616,0.022264089435338974
1617,0.03961952030658722
1618,0.02729187160730362
1619,0.03784007951617241
1620,0.03466322273015976
1621,0.03505069762468338
1622,0.046107761561870575
1623,0.03506168723106384
1624,0.04633393883705139
1625,0.030939510092139244
1626,0.021379714831709862
1627,0.027359917759895325
1628,0.037772685289382935
1629,0.04998894780874252
1630,0.0426032729446888
1631,0.027971971780061722
1632,0.03906535357236862
1633,0.04439661651849747
1634,0.04888421297073364
1635,0.049285124987363815
1636,0.019748181104660034
1637,0.02440953254699707
1638,0.04026634991168976
1639,0.03255061060190201
1640,0.055790290236473083
1641,0.03965551778674126
1642,0.03205636143684387
1643,0.04031415283679962
1644,0.054482925683259964
1645,0.042865097522735596
1646,0.06101977825164795
1647,0.03332250937819481
1648,0.023968547582626343
1649,0.051442474126815796
1650,0.041554149240255356
1651,0.05391153693199158
1652,0.044409364461898804
1653,0.01953309029340744
1654,0.022646836936473846
1655,0.027468722313642502
1656,0.02106344886124134
1657,0.11619164049625397
1658,0.050370506942272186
1659,0.026946434751152992
1660,0.02430291846394539
1661,0.03115680068731308
1662,0.050773985683918
1663,0.06476637721061707
1664,0.03926178067922592
1665,0.047950614243745804
1666,0.03238382935523987
1667,0.0359652116894722
1668,0.03723347932100296
1669,0.07738824188709259
1670,0.054182980209589005
1671,0.028323693200945854
1672,0.03436727076768875
1673,0.036615416407585144
1674,0.020249798893928528
1675,0.05717912316322327
1676,0.03352707624435425
1677,0.03584807738661766
1678,0.021293126046657562
1679,0.0278918594121933
1680,0.02590983361005783
1681,0.04186508059501648
1682,0.029022354632616043
1683,0.03601069003343582
1684,0.02582656592130661
1685,0.019168347120285034
1686,0.026274632662534714
1687,0.018816495314240456
1688,0.025566402822732925
1689,0.05015873163938522
1690,0.033550411462783813
1691,0.048438120633363724
1692,0.03051270917057991
1693,0.06451110541820526
1694,0.030594846233725548
1695,0.05826442688703537
1696,0.02280656062066555
1697,0.048503316938877106
1698,0.04071203991770744
1699,0.026265539228916168
1700,0.03808696195483208
1701,0.038819026201963425
1702,0.038795940577983856
1703,0.050784554332494736
1704,0.05349871888756752
1705,0.0666443482041359
1706,0.028819788247346878
1707,0.059853341430425644
1708,0.04635697230696678
1709,0.03995198383927345
1710,0.04549381136894226
1711,0.045436225831508636
1712,0.03446824103593826
1713,0.0583079531788826
1714,0.029978234320878983
1715,0.05208548158407211
1716,0.03575437143445015
1717,0.03862246125936508
1718,0.052365031093358994
1719,0.02272006869316101
1720,0.06095178425312042
1721,0.04586052894592285
1722,0.015329694375395775
1723,0.05449356883764267
1724,0.03110109269618988
1725,0.04815535247325897
1726,0.01763974316418171
1727,0.028239088132977486
1728,0.07038574665784836
1729,0.03009217604994774
1730,0.10969450324773788
1731,0.03189299255609512
1732,0.05415821075439453
1733,0.05418455973267555
1734,0.03534578159451485
1735,0.04616853594779968
1736,0.06640367209911346
1737,0.047294020652770996
1738,0.03696991875767708
1739,0.04866202175617218
1740,0.0561986118555069
1741,0.036537304520606995
1742,0.029501914978027344
1743,0.05601290985941887
1744,0.06524276733398438
1745,0.034276265650987625
1746,0.06232419237494469
1747,0.019598856568336487
1748,0.028944876044988632
1749,0.07138096541166306
1750,0.07823120057582855
1751,0.071241095662117
1752,0.04203130304813385
1753,0.047073595225811005
1754,0.07035541534423828
1755,0.03518414497375488
1756,0.09392306208610535
1757,0.03881104663014412
1758,0.03684283047914505
1759,0.04204121604561806
1760,0.03031456656754017
1761,0.02515530027449131
1762,0.07759548723697662
1763,0.033634208142757416
1764,0.043879661709070206
1765,0.039902716875076294
1766,0.039394110441207886
1767,0.04588649049401283
1768,0.051764361560344696
1769,0.06864859163761139
1770,0.02780264802277088
1771,0.028172919526696205
1772,0.043501127511262894
1773,0.06633822619915009
1774,0.026500876992940903
1775,0.04368392005562782
1776,0.025762058794498444
1777,0.06751644611358643
1778,0.052685223519802094
1779,0.03839999437332153
1780,0.05556410178542137
1781,0.04330822452902794
1782,0.03182842582464218
1783,0.05240607261657715
1784,0.04576823487877846
1785,0.04448910802602768
1786,0.03512861952185631
1787,0.04020831733942032
1788,0.03762112557888031
1789,0.04967726767063141
1790,0.030529644340276718
1791,0.03794676065444946
1792,0.05033586919307709
1793,0.042628757655620575
1794,0.031263723969459534
1795,0.02532101422548294
1796,0.02609415352344513
1797,0.05151273310184479
1798,0.0509374737739563
1799,0.04773079603910446
1800,0.03489072248339653
1801,0.05793070048093796
