repetition,sweep_name,scenario,num_samples,num_elements,active_fraction,active_count,active_gain,directional_gain_error_std_db,directional_phase_error_std_rad,eve_channel_scale,eve_channel_correlation,legitimate_receiver_noise_variance,eve_receiver_noise_variance,guard_band_sigma,selection_policy,weighted_legitimate_mi_bits_per_sample,weighted_eve_leakage_bits_per_sample,weighted_asymptotic_secret_rate_bits_per_sample,weighted_finite_length_rate_bits_per_sample,transmission_retention_ratio,reflection_retention_ratio,transmission_raw_kdr,reflection_raw_kdr,transmission_post_reconciliation_kdr,reflection_post_reconciliation_kdr,transmission_corrections,reflection_corrections,transmission_parity_leakage_bits,reflection_parity_leakage_bits,transmission_final_key_bits,reflection_final_key_bits,aggregate_final_key_bits,transmission_success,reflection_success,dual_side_success
0,active_fraction,active_fraction=0.0,1800,16,0.0,0,1.5,0.0,0.0,0.2,0.0,0.01,0.5,0.05,alice,8.590953880490277,0.0011520865853819045,8.589801793904895,7.448879965627991,0.9604938271604938,0.9555555555555556,0.0012853470437017994,0.004521963824289405,0.0,0.0,2,7,473,486,128,128,256,True,True,True
0,active_fraction,active_fraction=0.125,1800,16,0.125,2,1.5,0.0,0.0,0.2,0.0,0.01,0.5,0.05,alice,8.2523502796633,0.0014436652867122538,8.25090661437659,7.126914966141033,0.9512345679012346,0.9549382716049383,0.0025957170668397143,0.006464124111182934,0.0,0.0,4,10,476,495,128,128,256,True,True,True
0,active_fraction,active_fraction=0.25,1800,16,0.25,4,1.5,0.0,0.0,0.2,0.0,0.01,0.5,0.05,alice,8.032566331097769,0.0015309594752987113,8.03103537162247,6.918032920815191,0.9611111111111111,0.9518518518518518,0.0032113037893384713,0.00324254215304799,0.0,0.0,5,5,482,479,128,128,256,True,True,True
0,active_fraction,active_fraction=0.5,1800,16,0.5,8,1.5,0.0,0.0,0.2,0.0,0.01,0.5,0.05,alice,7.798262316553548,0.0014436986059029864,7.796818617947645,6.695531367867577,0.9592592592592593,0.9598765432098766,0.008365508365508366,0.00707395498392283,0.0,0.0,13,11,508,500,128,128,256,True,True,True
0,active_fraction,active_fraction=0.75,1800,16,0.75,12,1.5,0.0,0.0,0.2,0.0,0.01,0.5,0.05,alice,7.652900123492728,0.000928209898494759,7.651971913594233,6.557952773167206,0.9660493827160493,0.9623456790123457,0.005750798722044728,0.009621552277100705,0.0,0.0,9,15,495,512,128,128,256,True,True,True
0,active_fraction,active_fraction=1.0,1800,16,1.0,16,1.5,0.0,0.0,0.2,0.0,0.01,0.5,0.05,alice,7.532650509874566,0.0009576690713216417,7.531692840803244,6.443686181057125,0.9537037037037037,0.9537037037037037,0.007119741100323625,0.012944983818770227,0.0,0.0,11,20,498,525,128,128,256,True,True,True
0,active_gain,active_gain=1.0,1800,16,0.25,4,1.0,0.0,0.0,0.2,0.0,0.01,0.5,0.05,alice,8.077873611970933,0.001108432006111135,8.07676517996482,6.961497365113883,0.9598765432098766,0.9586419753086419,0.0045016077170418,0.0070830650354153256,0.0,0.0,7,11,488,502,128,128,256,True,True,True
0,active_gain,active_gain=1.25,1800,16,0.25,4,1.25,0.0,0.0,0.2,0.0,0.01,0.5,0.05,alice,8.05316409611945,0.001328287274475703,8.051835808844976,6.937803469786612,0.9654320987654321,0.9611111111111111,0.0038363171355498722,0.008349389852280027,0.0,0.0,6,13,486,506,128,128,256,True,True,True
0,active_gain,active_gain=1.5,1800,16,0.25,4,1.5,0.0,0.0,0.2,0.0,0.01,0.5,0.05,alice,8.032566331097769,0.0015309594752987113,8.03103537162247,6.918032920815191,0.9611111111111111,0.9518518518518518,0.0032113037893384713,0.00324254215304799,0.0,0.0,5,5,482,479,128,128,256,True,True,True
0,active_gain,active_gain=2.0,1800,16,0.25,4,2.0,0.0,0.0,0.2,0.0,0.01,0.5,0.05,alice,8.0029187388614,0.0018558850947532845,8.001062853766646,6.889542782571186,0.9567901234567902,0.9592592592592593,0.004516129032258065,0.007722007722007722,0.0,0.0,7,12,486,503,128,128,256,True,True,True
0,directional_gain_error_std_db,directional_gain_error_std_db=0.0,1800,16,0.25,4,1.5,0.0,0.0,0.2,0.0,0.01,0.5,0.05,alice,8.032566331097769,0.0015309594752987113,8.03103537162247,6.918032920815191,0.9611111111111111,0.9518518518518518,0.0032113037893384713,0.00324254215304799,0.0,0.0,5,5,482,479,128,128,256,True,True,True
0,directional_gain_error_std_db,directional_gain_error_std_db=0.25,1800,16,0.25,4,1.5,0.25,0.0,0.2,0.0,0.01,0.5,0.05,alice,7.702923268294797,0.001513045155176671,7.701410223139621,6.604889925472491,0.9592592592592593,0.9543209876543209,0.003861003861003861,0.0071151358344113845,0.0,0.0,6,11,485,500,128,128,256,True,True,True
0,directional_gain_error_std_db,directional_gain_error_std_db=0.5,1800,16,0.25,4,1.5,0.5,0.0,0.2,0.0,0.01,0.5,0.05,alice,7.025250948554655,0.0014958795085267724,7.023755069046128,5.961118387366005,0.9543209876543209,0.9574074074074074,0.00517464424320828,0.012894906511927788,0.0,0.0,8,20,489,525,128,128,256,True,True,True
0,directional_gain_error_std_db,directional_gain_error_std_db=1.0,1800,16,0.25,4,1.5,1.0,0.0,0.2,0.0,0.01,0.5,0.05,alice,5.745484962297952,0.0014639977352929137,5.744020964562659,4.745372582195371,0.9611111111111111,0.9623456790123457,0.01991008349389852,0.03207184092366902,0.0,0.0,31,50,566,627,128,128,256,True,True,True
0,directional_gain_error_std_db,directional_gain_error_std_db=1.5,1800,16,0.25,4,1.5,1.5,0.0,0.2,0.0,0.01,0.5,0.05,alice,4.810149239252457,0.001435662221469528,4.8087135770309875,3.856831980815975,0.9555555555555556,0.9512345679012346,0.0355297157622739,0.04412719013627515,0.0,0.0,55,68,651,686,128,128,256,True,True,True
0,directional_phase_error_std_rad,directional_phase_error_std_rad=0.0,1800,16,0.25,4,1.5,0.0,0.0,0.2,0.0,0.01,0.5,0.05,alice,8.032566331097769,0.0015309594752987113,8.03103537162247,6.918032920815191,0.9611111111111111,0.9518518518518518,0.0032113037893384713,0.00324254215304799,0.0,0.0,5,5,482,479,128,128,256,True,True,True
0,directional_phase_error_std_rad,directional_phase_error_std_rad=0.05,1800,16,0.25,4,1.5,0.0,0.05,0.2,0.0,0.01,0.5,0.05,alice,7.317575044421217,0.001533054697037206,7.31604198972418,6.238789103250728,0.9648148148148148,0.9530864197530864,0.005118362124120281,0.005829015544041451,0.0,0.0,8,9,492,493,128,128,256,True,True,True
0,directional_phase_error_std_rad,directional_phase_error_std_rad=0.1,1800,16,0.25,4,1.5,0.0,0.1,0.2,0.0,0.01,0.5,0.05,alice,6.233637218332115,0.0015342706064275548,6.2321029477256875,5.20904695255669,0.9623456790123457,0.9574074074074074,0.015394483643361129,0.017408123791102514,0.0,0.0,24,27,543,546,128,128,256,True,True,True
0,directional_phase_error_std_rad,directional_phase_error_std_rad=0.2,1800,16,0.25,4,1.5,0.0,0.2,0.2,0.0,0.01,0.5,0.05,alice,4.626152147843818,0.001535124478401058,4.624617023365417,3.6819352817208357,0.9641975308641976,0.9487654320987654,0.04353393085787452,0.043591411841249185,0.0,0.0,68,67,688,681,128,128,256,True,True,True
0,directional_phase_error_std_rad,directional_phase_error_std_rad=0.5,1800,16,0.25,4,1.5,0.0,0.5,0.2,0.0,0.01,0.5,0.05,alice,2.2490773948657843,0.0015487342013330739,2.247528660664451,1.4237006566687715,0.9666666666666667,0.9537037037037037,0.14495530012771393,0.13398058252427184,0.0,0.0012944983818770227,227,205,1411,1326,59,0,59,True,False,False
0,eve_channel_correlation,eve_channel_correlation=0.0,1800,16,0.25,4,1.5,0.0,0.0,0.2,0.0,0.01,0.5,0.05,alice,8.032566331097769,0.0015309594752987113,8.03103537162247,6.918032920815191,0.9611111111111111,0.9518518518518518,0.0032113037893384713,0.00324254215304799,0.0,0.0,5,5,482,479,128,128,256,True,True,True
0,eve_channel_correlation,eve_channel_correlation=0.25,1800,16,0.25,4,1.5,0.0,0.0,0.2,0.25,0.01,0.5,0.05,alice,8.032566331097769,0.15562586656868532,7.876940464529084,6.763938013721805,0.9611111111111111,0.9518518518518518,0.0032113037893384713,0.00324254215304799,0.0,0.0,5,5,482,479,128,128,256,True,True,True
0,eve_channel_correlation,eve_channel_correlation=0.5,1800,16,0.25,4,1.5,0.0,0.0,0.2,0.5,0.01,0.5,0.05,alice,8.032566331097769,0.34622479587415106,7.686341535223619,6.573339084416339,0.9611111111111111,0.9518518518518518,0.0032113037893384713,0.00324254215304799,0.0,0.0,5,5,482,479,128,128,256,True,True,True
0,eve_channel_correlation,eve_channel_correlation=0.75,1800,16,0.25,4,1.5,0.0,0.0,0.2,0.75,0.01,0.5,0.05,alice,8.032566331097769,0.5698910655775254,7.462675265520244,6.349672814712965,0.9611111111111111,0.9518518518518518,0.0032113037893384713,0.00324254215304799,0.0,0.0,5,5,482,479,128,128,256,True,True,True
0,eve_channel_correlation,eve_channel_correlation=1.0,1800,16,0.25,4,1.5,0.0,0.0,0.2,1.0,0.01,0.5,0.05,alice,8.032566331097769,0.8341823121862197,7.1983840189115496,6.08538156810427,0.9611111111111111,0.9518518518518518,0.0032113037893384713,0.00324254215304799,0.0,0.0,5,5,482,479,128,128,256,True,True,True
0,legitimate_receiver_noise_variance,legitimate_receiver_noise_variance=0.001,1800,16,0.25,4,1.5,0.0,0.0,0.2,0.0,0.001,0.5,0.05,alice,8.999827852333258,0.0014921980322913924,8.998335654300966,7.836970127431913,0.9611111111111111,0.9574074074074074,0.0012845215157353885,0.0019342359767891683,0.0,0.0,2,3,473,474,128,128,256,True,True,True
0,legitimate_receiver_noise_variance,legitimate_receiver_noise_variance=0.01,1800,16,0.25,4,1.5,0.0,0.0,0.2,0.0,0.01,0.5,0.05,alice,8.032566331097769,0.0015309594752987113,8.03103537162247,6.918032920815191,0.9611111111111111,0.9518518518518518,0.0032113037893384713,0.00324254215304799,0.0,0.0,5,5,482,479,128,128,256,True,True,True
0,legitimate_receiver_noise_variance,legitimate_receiver_noise_variance=0.03,1800,16,0.25,4,1.5,0.0,0.0,0.2,0.0,0.03,0.5,0.05,alice,6.998756155032982,0.0015733917094020687,6.997182763323579,5.93587082131954,0.9586419753086419,0.9518518518518518,0.0070830650354153256,0.01232166018158236,0.0,0.0,11,19,500,521,128,128,256,True,True,True
0,legitimate_receiver_noise_variance,legitimate_receiver_noise_variance=0.1,1800,16,0.25,4,1.5,0.0,0.0,0.2,0.0,0.1,0.5,0.05,alice,5.540576612768393,0.0016585162284460863,5.5389180965399465,4.550515131649137,0.9543209876543209,0.9518518518518518,0.018758085381630013,0.03826199740596628,0.0,0.0,29,59,560,657,128,128,256,True,True,True
0,guard_band_sigma,guard_band_sigma=0.0,1800,16,0.25,4,1.5,0.0,0.0,0.2,0.0,0.01,0.5,0.0,alice,8.032566331097769,0.0015309594752987113,8.03103537162247,6.918032920815191,1.0,1.0,0.011111111111111112,0.019135802469135803,0.0,0.0,18,31,540,579,128,128,256,True,True,True
0,guard_band_sigma,guard_band_sigma=0.05,1800,16,0.25,4,1.5,0.0,0.0,0.2,0.0,0.01,0.5,0.05,alice,8.032566331097769,0.0015309594752987113,8.03103537162247,6.918032920815191,0.9611111111111111,0.9518518518518518,0.0032113037893384713,0.00324254215304799,0.0,0.0,5,5,482,479,128,128,256,True,True,True
0,guard_band_sigma,guard_band_sigma=0.1,1800,16,0.25,4,1.5,0.0,0.0,0.2,0.0,0.01,0.5,0.1,alice,8.032566331097769,0.0015309594752987113,8.03103537162247,6.918032920815191,0.9197530864197531,0.9160493827160494,0.0006711409395973154,0.0020215633423180594,0.0,0.0,1,3,451,455,128,128,256,True,True,True
0,guard_band_sigma,guard_band_sigma=0.15,1800,16,0.25,4,1.5,0.0,0.0,0.2,0.0,0.01,0.5,0.15,alice,8.032566331097769,0.0015309594752987113,8.03103537162247,6.918032920815191,0.8839506172839506,0.8814814814814815,0.0006983240223463687,0.0,0.0,0.0,1,0,432,429,128,128,256,True,True,True
0,guard_band_sigma,guard_band_sigma=0.25,1800,16,0.25,4,1.5,0.0,0.0,0.2,0.0,0.01,0.5,0.25,alice,8.032566331097769,0.0015309594752987113,8.03103537162247,6.918032920815191,0.8061728395061728,0.7987654320987654,0.0,0.0,0.0,0.0,0,0,392,389,128,128,256,True,True,True
